code_region;region;departement;rang_vaccinal;date_debut_semaine;nb
84;ARA;1;1;18/01/2021;1694
84;ARA;1;1;25/01/2021;2014
84;ARA;1;2;25/01/2021;119
84;ARA;1;1;01/02/2021;2017
84;ARA;1;2;01/02/2021;1269
84;ARA;1;1;08/02/2021;2146
84;ARA;1;2;08/02/2021;1790
84;ARA;1;1;15/02/2021;2111
84;ARA;1;2;15/02/2021;1199
84;ARA;1;1;22/02/2021;2089
84;ARA;1;2;22/02/2021;2238
84;ARA;1;1;01/03/2021;2588
84;ARA;1;2;01/03/2021;1986
84;ARA;1;1;08/03/2021;3276
84;ARA;1;2;08/03/2021;2200
84;ARA;1;1;15/03/2021;5234
84;ARA;1;2;15/03/2021;1950
84;ARA;1;1;22/03/2021;6458
84;ARA;1;2;22/03/2021;1853
84;ARA;1;1;29/03/2021;6700
84;ARA;1;2;29/03/2021;2607
84;ARA;1;1;05/04/2021;9060
84;ARA;1;2;05/04/2021;3476
84;ARA;1;1;12/04/2021;4415
84;ARA;1;2;12/04/2021;6295
84;ARA;1;1;19/04/2021;1901
84;ARA;1;2;19/04/2021;6302
84;ARA;1;1;26/04/2021;1196
84;ARA;1;2;26/04/2021;6270
32;HDF;2;1;18/01/2021;3977
32;HDF;2;1;25/01/2021;1036
32;HDF;2;2;25/01/2021;350
32;HDF;2;1;01/02/2021;550
32;HDF;2;2;01/02/2021;1592
32;HDF;2;1;08/02/2021;1790
32;HDF;2;2;08/02/2021;2432
32;HDF;2;1;15/02/2021;2072
32;HDF;2;2;15/02/2021;2762
32;HDF;2;1;22/02/2021;2014
32;HDF;2;2;22/02/2021;915
32;HDF;2;1;01/03/2021;5832
32;HDF;2;2;01/03/2021;604
32;HDF;2;1;08/03/2021;5396
32;HDF;2;2;08/03/2021;1745
32;HDF;2;1;15/03/2021;6711
32;HDF;2;2;15/03/2021;1908
32;HDF;2;1;22/03/2021;6338
32;HDF;2;2;22/03/2021;2148
32;HDF;2;1;29/03/2021;5574
32;HDF;2;2;29/03/2021;5000
32;HDF;2;1;05/04/2021;3492
32;HDF;2;2;05/04/2021;5087
32;HDF;2;1;12/04/2021;1602
32;HDF;2;2;12/04/2021;6800
32;HDF;2;1;19/04/2021;895
32;HDF;2;2;19/04/2021;5118
32;HDF;2;1;26/04/2021;819
32;HDF;2;2;26/04/2021;4573
84;ARA;3;1;18/01/2021;4531
84;ARA;3;2;18/01/2021;3
84;ARA;3;1;25/01/2021;2675
84;ARA;3;2;25/01/2021;82
84;ARA;3;1;01/02/2021;2037
84;ARA;3;2;01/02/2021;624
84;ARA;3;1;08/02/2021;2218
84;ARA;3;2;08/02/2021;773
84;ARA;3;1;15/02/2021;1929
84;ARA;3;2;15/02/2021;4541
84;ARA;3;1;22/02/2021;2164
84;ARA;3;2;22/02/2021;3650
84;ARA;3;1;01/03/2021;3808
84;ARA;3;2;01/03/2021;2542
84;ARA;3;1;08/03/2021;3284
84;ARA;3;2;08/03/2021;2458
84;ARA;3;1;15/03/2021;4626
84;ARA;3;2;15/03/2021;1257
84;ARA;3;1;22/03/2021;5795
84;ARA;3;2;22/03/2021;1767
84;ARA;3;1;29/03/2021;4244
84;ARA;3;2;29/03/2021;3152
84;ARA;3;1;05/04/2021;3931
84;ARA;3;2;05/04/2021;2442
84;ARA;3;1;12/04/2021;862
84;ARA;3;2;12/04/2021;4945
84;ARA;3;1;19/04/2021;183
84;ARA;3;2;19/04/2021;5910
84;ARA;3;1;26/04/2021;181
84;ARA;3;2;26/04/2021;4268
93;PAC;4;1;18/01/2021;1795
93;PAC;4;2;18/01/2021;5
93;PAC;4;1;25/01/2021;1867
93;PAC;4;2;25/01/2021;32
93;PAC;4;1;01/02/2021;1681
93;PAC;4;2;01/02/2021;188
93;PAC;4;1;08/02/2021;1281
93;PAC;4;2;08/02/2021;655
93;PAC;4;1;15/02/2021;158
93;PAC;4;2;15/02/2021;1743
93;PAC;4;1;22/02/2021;74
93;PAC;4;2;22/02/2021;1972
93;PAC;4;1;01/03/2021;856
93;PAC;4;2;01/03/2021;1595
93;PAC;4;1;08/03/2021;1774
93;PAC;4;2;08/03/2021;1219
93;PAC;4;1;15/03/2021;1838
93;PAC;4;2;15/03/2021;80
93;PAC;4;1;22/03/2021;2661
93;PAC;4;2;22/03/2021;98
93;PAC;4;1;29/03/2021;4220
93;PAC;4;2;29/03/2021;325
93;PAC;4;1;05/04/2021;1940
93;PAC;4;2;05/04/2021;1810
93;PAC;4;1;12/04/2021;1831
93;PAC;4;2;12/04/2021;1699
93;PAC;4;1;19/04/2021;417
93;PAC;4;2;19/04/2021;2619
93;PAC;4;1;26/04/2021;43
93;PAC;4;2;26/04/2021;3766
93;PAC;5;1;18/01/2021;977
93;PAC;5;1;25/01/2021;1155
93;PAC;5;2;25/01/2021;55
93;PAC;5;1;01/02/2021;931
93;PAC;5;2;01/02/2021;244
93;PAC;5;1;08/02/2021;501
93;PAC;5;2;08/02/2021;676
93;PAC;5;1;15/02/2021;427
93;PAC;5;2;15/02/2021;760
93;PAC;5;1;22/02/2021;122
93;PAC;5;2;22/02/2021;1071
93;PAC;5;1;01/03/2021;1449
93;PAC;5;2;01/03/2021;862
93;PAC;5;1;08/03/2021;2190
93;PAC;5;2;08/03/2021;508
93;PAC;5;1;15/03/2021;1168
93;PAC;5;2;15/03/2021;442
93;PAC;5;1;22/03/2021;3010
93;PAC;5;2;22/03/2021;121
93;PAC;5;1;29/03/2021;3474
93;PAC;5;2;29/03/2021;998
93;PAC;5;1;05/04/2021;1091
93;PAC;5;2;05/04/2021;1712
93;PAC;5;1;12/04/2021;847
93;PAC;5;2;12/04/2021;1484
93;PAC;5;1;19/04/2021;139
93;PAC;5;2;19/04/2021;2994
93;PAC;5;1;26/04/2021;76
93;PAC;5;2;26/04/2021;3148
93;PAC;6;1;18/01/2021;12230
93;PAC;6;2;18/01/2021;10
93;PAC;6;1;25/01/2021;8649
93;PAC;6;2;25/01/2021;836
93;PAC;6;1;01/02/2021;3911
93;PAC;6;2;01/02/2021;2598
93;PAC;6;1;08/02/2021;935
93;PAC;6;2;08/02/2021;4926
93;PAC;6;1;15/02/2021;2664
93;PAC;6;2;15/02/2021;11454
93;PAC;6;1;22/02/2021;8989
93;PAC;6;2;22/02/2021;8185
93;PAC;6;1;01/03/2021;19969
93;PAC;6;2;01/03/2021;3897
93;PAC;6;1;08/03/2021;23713
93;PAC;6;2;08/03/2021;696
93;PAC;6;1;15/03/2021;14771
93;PAC;6;2;15/03/2021;2015
93;PAC;6;1;22/03/2021;13625
93;PAC;6;2;22/03/2021;6928
93;PAC;6;1;29/03/2021;11459
93;PAC;6;2;29/03/2021;9612
93;PAC;6;1;05/04/2021;5869
93;PAC;6;2;05/04/2021;9192
93;PAC;6;1;12/04/2021;2217
93;PAC;6;2;12/04/2021;9433
93;PAC;6;1;19/04/2021;543
93;PAC;6;2;19/04/2021;9051
93;PAC;6;1;26/04/2021;94
93;PAC;6;2;26/04/2021;9682
84;ARA;7;1;18/01/2021;678
84;ARA;7;2;18/01/2021;1
84;ARA;7;1;25/01/2021;761
84;ARA;7;2;25/01/2021;64
84;ARA;7;1;01/02/2021;1226
84;ARA;7;2;01/02/2021;364
84;ARA;7;1;08/02/2021;1443
84;ARA;7;2;08/02/2021;544
84;ARA;7;1;15/02/2021;1614
84;ARA;7;2;15/02/2021;641
84;ARA;7;1;22/02/2021;2102
84;ARA;7;2;22/02/2021;1128
84;ARA;7;1;01/03/2021;2280
84;ARA;7;2;01/03/2021;1486
84;ARA;7;1;08/03/2021;2856
84;ARA;7;2;08/03/2021;1473
84;ARA;7;1;15/03/2021;4285
84;ARA;7;2;15/03/2021;1476
84;ARA;7;1;22/03/2021;4499
84;ARA;7;2;22/03/2021;1973
84;ARA;7;1;29/03/2021;4759
84;ARA;7;2;29/03/2021;2008
84;ARA;7;1;05/04/2021;4036
84;ARA;7;2;05/04/2021;2552
84;ARA;7;1;12/04/2021;3328
84;ARA;7;2;12/04/2021;4062
84;ARA;7;1;19/04/2021;1996
84;ARA;7;2;19/04/2021;4293
84;ARA;7;1;26/04/2021;1306
84;ARA;7;2;26/04/2021;4300
44;GES;8;1;18/01/2021;1740
44;GES;8;2;18/01/2021;3
44;GES;8;1;25/01/2021;1566
44;GES;8;2;25/01/2021;62
44;GES;8;1;01/02/2021;971
44;GES;8;2;01/02/2021;559
44;GES;8;1;08/02/2021;1305
44;GES;8;2;08/02/2021;1093
44;GES;8;1;15/02/2021;700
44;GES;8;2;15/02/2021;1817
44;GES;8;1;22/02/2021;462
44;GES;8;2;22/02/2021;1952
44;GES;8;1;01/03/2021;2095
44;GES;8;2;01/03/2021;1109
44;GES;8;1;08/03/2021;2444
44;GES;8;2;08/03/2021;1072
44;GES;8;1;15/03/2021;3153
44;GES;8;2;15/03/2021;447
44;GES;8;1;22/03/2021;4185
44;GES;8;2;22/03/2021;321
44;GES;8;1;29/03/2021;3560
44;GES;8;2;29/03/2021;2174
44;GES;8;1;05/04/2021;2320
44;GES;8;2;05/04/2021;2264
44;GES;8;1;12/04/2021;536
44;GES;8;2;12/04/2021;3114
44;GES;8;1;19/04/2021;232
44;GES;8;2;19/04/2021;3995
44;GES;8;1;26/04/2021;1133
44;GES;8;2;26/04/2021;3240
76;OCC;9;1;18/01/2021;1825
76;OCC;9;1;25/01/2021;1226
76;OCC;9;2;25/01/2021;235
76;OCC;9;1;01/02/2021;416
76;OCC;9;2;01/02/2021;808
76;OCC;9;1;08/02/2021;217
76;OCC;9;2;08/02/2021;1260
76;OCC;9;1;15/02/2021;354
76;OCC;9;2;15/02/2021;1339
76;OCC;9;1;22/02/2021;665
76;OCC;9;2;22/02/2021;936
76;OCC;9;1;01/03/2021;1316
76;OCC;9;2;01/03/2021;361
76;OCC;9;1;08/03/2021;1826
76;OCC;9;2;08/03/2021;83
76;OCC;9;1;15/03/2021;2278
76;OCC;9;2;15/03/2021;282
76;OCC;9;1;22/03/2021;2840
76;OCC;9;2;22/03/2021;543
76;OCC;9;1;29/03/2021;3494
76;OCC;9;2;29/03/2021;1135
76;OCC;9;1;05/04/2021;3496
76;OCC;9;2;05/04/2021;1635
76;OCC;9;1;12/04/2021;2019
76;OCC;9;2;12/04/2021;2375
76;OCC;9;1;19/04/2021;387
76;OCC;9;2;19/04/2021;3149
76;OCC;9;1;26/04/2021;68
76;OCC;9;2;26/04/2021;3142
44;GES;10;1;18/01/2021;2598
44;GES;10;2;18/01/2021;4
44;GES;10;1;25/01/2021;1883
44;GES;10;2;25/01/2021;82
44;GES;10;1;01/02/2021;1437
44;GES;10;2;01/02/2021;649
44;GES;10;1;08/02/2021;1809
44;GES;10;2;08/02/2021;601
44;GES;10;1;15/02/2021;563
44;GES;10;2;15/02/2021;2248
44;GES;10;1;22/02/2021;313
44;GES;10;2;22/02/2021;1860
44;GES;10;1;01/03/2021;2469
44;GES;10;2;01/03/2021;1386
44;GES;10;1;08/03/2021;3842
44;GES;10;2;08/03/2021;1565
44;GES;10;1;15/03/2021;5515
44;GES;10;2;15/03/2021;132
44;GES;10;1;22/03/2021;5656
44;GES;10;2;22/03/2021;330
44;GES;10;1;29/03/2021;3770
44;GES;10;2;29/03/2021;2806
44;GES;10;1;05/04/2021;3714
44;GES;10;2;05/04/2021;3713
44;GES;10;1;12/04/2021;2011
44;GES;10;2;12/04/2021;5356
44;GES;10;1;19/04/2021;122
44;GES;10;2;19/04/2021;5438
44;GES;10;1;26/04/2021;174
44;GES;10;2;26/04/2021;5357
76;OCC;11;1;18/01/2021;1554
76;OCC;11;2;18/01/2021;6
76;OCC;11;1;25/01/2021;1845
76;OCC;11;2;25/01/2021;80
76;OCC;11;1;01/02/2021;2102
76;OCC;11;2;01/02/2021;652
76;OCC;11;1;08/02/2021;1772
76;OCC;11;2;08/02/2021;1177
76;OCC;11;1;15/02/2021;1354
76;OCC;11;2;15/02/2021;1471
76;OCC;11;1;22/02/2021;1417
76;OCC;11;2;22/02/2021;1937
76;OCC;11;1;01/03/2021;2084
76;OCC;11;2;01/03/2021;1922
76;OCC;11;1;08/03/2021;2230
76;OCC;11;2;08/03/2021;1829
76;OCC;11;1;15/03/2021;3824
76;OCC;11;2;15/03/2021;1146
76;OCC;11;1;22/03/2021;4352
76;OCC;11;2;22/03/2021;1457
76;OCC;11;1;29/03/2021;4493
76;OCC;11;2;29/03/2021;1655
76;OCC;11;1;05/04/2021;2990
76;OCC;11;2;05/04/2021;1915
76;OCC;11;1;12/04/2021;1784
76;OCC;11;2;12/04/2021;3897
76;OCC;11;1;19/04/2021;935
76;OCC;11;2;19/04/2021;4770
76;OCC;11;1;26/04/2021;927
76;OCC;11;2;26/04/2021;4411
76;OCC;12;1;18/01/2021;2851
76;OCC;12;1;25/01/2021;3166
76;OCC;12;2;25/01/2021;35
76;OCC;12;1;01/02/2021;2285
76;OCC;12;2;01/02/2021;565
76;OCC;12;1;08/02/2021;1803
76;OCC;12;2;08/02/2021;1285
76;OCC;12;1;15/02/2021;1088
76;OCC;12;2;15/02/2021;2412
76;OCC;12;1;22/02/2021;745
76;OCC;12;2;22/02/2021;3134
76;OCC;12;1;01/03/2021;881
76;OCC;12;2;01/03/2021;1850
76;OCC;12;1;08/03/2021;2342
76;OCC;12;2;08/03/2021;1652
76;OCC;12;1;15/03/2021;4619
76;OCC;12;2;15/03/2021;912
76;OCC;12;1;22/03/2021;5034
76;OCC;12;2;22/03/2021;855
76;OCC;12;1;29/03/2021;5856
76;OCC;12;2;29/03/2021;607
76;OCC;12;1;05/04/2021;4585
76;OCC;12;2;05/04/2021;2048
76;OCC;12;1;12/04/2021;3875
76;OCC;12;2;12/04/2021;4231
76;OCC;12;1;19/04/2021;1046
76;OCC;12;2;19/04/2021;5279
76;OCC;12;1;26/04/2021;268
76;OCC;12;2;26/04/2021;5618
93;PAC;13;1;18/01/2021;9330
93;PAC;13;2;18/01/2021;73
93;PAC;13;1;25/01/2021;10851
93;PAC;13;2;25/01/2021;355
93;PAC;13;1;01/02/2021;8633
93;PAC;13;2;01/02/2021;1621
93;PAC;13;1;08/02/2021;7403
93;PAC;13;2;08/02/2021;4873
93;PAC;13;1;15/02/2021;3794
93;PAC;13;2;15/02/2021;8175
93;PAC;13;1;22/02/2021;4402
93;PAC;13;2;22/02/2021;10042
93;PAC;13;1;01/03/2021;15066
93;PAC;13;2;01/03/2021;7745
93;PAC;13;1;08/03/2021;19089
93;PAC;13;2;08/03/2021;7843
93;PAC;13;1;15/03/2021;24455
93;PAC;13;2;15/03/2021;5173
93;PAC;13;1;22/03/2021;29930
93;PAC;13;2;22/03/2021;6346
93;PAC;13;1;29/03/2021;34169
93;PAC;13;2;29/03/2021;11588
93;PAC;13;1;05/04/2021;28025
93;PAC;13;2;05/04/2021;16329
93;PAC;13;1;12/04/2021;12770
93;PAC;13;2;12/04/2021;22998
93;PAC;13;1;19/04/2021;6635
93;PAC;13;2;19/04/2021;29841
93;PAC;13;1;26/04/2021;3192
93;PAC;13;2;26/04/2021;30491
28;NOR;14;1;18/01/2021;4877
28;NOR;14;2;18/01/2021;8
28;NOR;14;1;25/01/2021;4420
28;NOR;14;2;25/01/2021;221
28;NOR;14;1;01/02/2021;3931
28;NOR;14;2;01/02/2021;947
28;NOR;14;1;08/02/2021;3730
28;NOR;14;2;08/02/2021;2327
28;NOR;14;1;15/02/2021;1488
28;NOR;14;2;15/02/2021;4396
28;NOR;14;1;22/02/2021;1333
28;NOR;14;2;22/02/2021;4397
28;NOR;14;1;01/03/2021;3755
28;NOR;14;2;01/03/2021;3683
28;NOR;14;1;08/03/2021;4238
28;NOR;14;2;08/03/2021;2993
28;NOR;14;1;15/03/2021;6466
28;NOR;14;2;15/03/2021;642
28;NOR;14;1;22/03/2021;6444
28;NOR;14;2;22/03/2021;1038
28;NOR;14;1;29/03/2021;7007
28;NOR;14;2;29/03/2021;3633
28;NOR;14;1;05/04/2021;7978
28;NOR;14;2;05/04/2021;3879
28;NOR;14;1;12/04/2021;6136
28;NOR;14;2;12/04/2021;6069
28;NOR;14;1;19/04/2021;3413
28;NOR;14;2;19/04/2021;6532
28;NOR;14;1;26/04/2021;2725
28;NOR;14;2;26/04/2021;7163
84;ARA;15;1;18/01/2021;2290
84;ARA;15;1;25/01/2021;1918
84;ARA;15;2;25/01/2021;43
84;ARA;15;1;01/02/2021;1031
84;ARA;15;2;01/02/2021;644
84;ARA;15;1;08/02/2021;989
84;ARA;15;2;08/02/2021;610
84;ARA;15;1;15/02/2021;145
84;ARA;15;2;15/02/2021;2177
84;ARA;15;1;22/02/2021;105
84;ARA;15;2;22/02/2021;1858
84;ARA;15;1;01/03/2021;542
84;ARA;15;2;01/03/2021;923
84;ARA;15;1;08/03/2021;285
84;ARA;15;2;08/03/2021;693
84;ARA;15;1;15/03/2021;1641
84;ARA;15;2;15/03/2021;90
84;ARA;15;1;22/03/2021;2564
84;ARA;15;2;22/03/2021;76
84;ARA;15;1;29/03/2021;3609
84;ARA;15;2;29/03/2021;70
84;ARA;15;1;05/04/2021;2487
84;ARA;15;2;05/04/2021;214
84;ARA;15;1;12/04/2021;2100
84;ARA;15;2;12/04/2021;1655
84;ARA;15;1;19/04/2021;403
84;ARA;15;2;19/04/2021;2607
84;ARA;15;1;26/04/2021;143
84;ARA;15;2;26/04/2021;3489
75;NAQ;16;1;18/01/2021;3367
75;NAQ;16;1;25/01/2021;2824
75;NAQ;16;2;25/01/2021;109
75;NAQ;16;1;01/02/2021;1960
75;NAQ;16;2;01/02/2021;659
75;NAQ;16;1;08/02/2021;2301
75;NAQ;16;2;08/02/2021;1043
75;NAQ;16;1;15/02/2021;907
75;NAQ;16;2;15/02/2021;2701
75;NAQ;16;1;22/02/2021;436
75;NAQ;16;2;22/02/2021;2975
75;NAQ;16;1;01/03/2021;1621
75;NAQ;16;2;01/03/2021;2439
75;NAQ;16;1;08/03/2021;2249
75;NAQ;16;2;08/03/2021;2038
75;NAQ;16;1;15/03/2021;3567
75;NAQ;16;2;15/03/2021;916
75;NAQ;16;1;22/03/2021;4481
75;NAQ;16;2;22/03/2021;258
75;NAQ;16;1;29/03/2021;5355
75;NAQ;16;2;29/03/2021;1011
75;NAQ;16;1;05/04/2021;4957
75;NAQ;16;2;05/04/2021;1848
75;NAQ;16;1;12/04/2021;3006
75;NAQ;16;2;12/04/2021;3251
75;NAQ;16;1;19/04/2021;1230
75;NAQ;16;2;19/04/2021;4108
75;NAQ;16;1;26/04/2021;269
75;NAQ;16;2;26/04/2021;5175
75;NAQ;17;1;18/01/2021;6396
75;NAQ;17;2;18/01/2021;3
75;NAQ;17;1;25/01/2021;8061
75;NAQ;17;2;25/01/2021;137
75;NAQ;17;1;01/02/2021;3964
75;NAQ;17;2;01/02/2021;1744
75;NAQ;17;1;08/02/2021;3528
75;NAQ;17;2;08/02/2021;2469
75;NAQ;17;1;15/02/2021;3677
75;NAQ;17;2;15/02/2021;6821
75;NAQ;17;1;22/02/2021;4062
75;NAQ;17;2;22/02/2021;6655
75;NAQ;17;1;01/03/2021;5994
75;NAQ;17;2;01/03/2021;4016
75;NAQ;17;1;08/03/2021;5941
75;NAQ;17;2;08/03/2021;3111
75;NAQ;17;1;15/03/2021;6656
75;NAQ;17;2;15/03/2021;3472
75;NAQ;17;1;22/03/2021;13052
75;NAQ;17;2;22/03/2021;3532
75;NAQ;17;1;29/03/2021;14129
75;NAQ;17;2;29/03/2021;4985
75;NAQ;17;1;05/04/2021;7169
75;NAQ;17;2;05/04/2021;5085
75;NAQ;17;1;12/04/2021;2945
75;NAQ;17;2;12/04/2021;7467
75;NAQ;17;1;19/04/2021;638
75;NAQ;17;2;19/04/2021;14053
75;NAQ;17;1;26/04/2021;146
75;NAQ;17;2;26/04/2021;13001
24;CVL;18;1;18/01/2021;1507
24;CVL;18;2;18/01/2021;2
24;CVL;18;1;25/01/2021;1512
24;CVL;18;2;25/01/2021;11
24;CVL;18;1;01/02/2021;1711
24;CVL;18;2;01/02/2021;15
24;CVL;18;1;08/02/2021;1724
24;CVL;18;2;08/02/2021;370
24;CVL;18;1;15/02/2021;2042
24;CVL;18;2;15/02/2021;1445
24;CVL;18;1;22/02/2021;1580
24;CVL;18;2;22/02/2021;1732
24;CVL;18;1;01/03/2021;1354
24;CVL;18;2;01/03/2021;1779
24;CVL;18;1;08/03/2021;1615
24;CVL;18;2;08/03/2021;1812
24;CVL;18;1;15/03/2021;2493
24;CVL;18;2;15/03/2021;2037
24;CVL;18;1;22/03/2021;3245
24;CVL;18;2;22/03/2021;1527
24;CVL;18;1;29/03/2021;3355
24;CVL;18;2;29/03/2021;1254
24;CVL;18;1;05/04/2021;4203
24;CVL;18;2;05/04/2021;1642
24;CVL;18;1;12/04/2021;304
24;CVL;18;2;12/04/2021;2739
24;CVL;18;1;19/04/2021;65
24;CVL;18;2;19/04/2021;3537
24;CVL;18;1;26/04/2021;60
24;CVL;18;2;26/04/2021;2922
75;NAQ;19;1;18/01/2021;1240
75;NAQ;19;1;25/01/2021;1237
75;NAQ;19;2;25/01/2021;3
75;NAQ;19;1;01/02/2021;1305
75;NAQ;19;2;01/02/2021;83
75;NAQ;19;1;08/02/2021;1522
75;NAQ;19;2;08/02/2021;362
75;NAQ;19;1;15/02/2021;996
75;NAQ;19;2;15/02/2021;1318
75;NAQ;19;1;22/02/2021;1266
75;NAQ;19;2;22/02/2021;1107
75;NAQ;19;1;01/03/2021;1861
75;NAQ;19;2;01/03/2021;1261
75;NAQ;19;1;08/03/2021;3455
75;NAQ;19;2;08/03/2021;1194
75;NAQ;19;1;15/03/2021;3305
75;NAQ;19;2;15/03/2021;890
75;NAQ;19;1;22/03/2021;3179
75;NAQ;19;2;22/03/2021;1168
75;NAQ;19;1;29/03/2021;2494
75;NAQ;19;2;29/03/2021;1744
75;NAQ;19;1;05/04/2021;1470
75;NAQ;19;2;05/04/2021;3195
75;NAQ;19;1;12/04/2021;909
75;NAQ;19;2;12/04/2021;3210
75;NAQ;19;1;19/04/2021;486
75;NAQ;19;2;19/04/2021;3363
75;NAQ;19;1;26/04/2021;281
75;NAQ;19;2;26/04/2021;1932
27;BFC;21;1;18/01/2021;4113
27;BFC;21;2;18/01/2021;2
27;BFC;21;1;25/01/2021;4449
27;BFC;21;2;25/01/2021;1037
27;BFC;21;1;01/02/2021;2383
27;BFC;21;2;01/02/2021;1269
27;BFC;21;1;08/02/2021;2240
27;BFC;21;2;08/02/2021;1689
27;BFC;21;1;15/02/2021;260
27;BFC;21;2;15/02/2021;4082
27;BFC;21;1;22/02/2021;366
27;BFC;21;2;22/02/2021;3783
27;BFC;21;1;01/03/2021;3523
27;BFC;21;2;01/03/2021;2385
27;BFC;21;1;08/03/2021;4198
27;BFC;21;2;08/03/2021;1780
27;BFC;21;1;15/03/2021;6594
27;BFC;21;2;15/03/2021;141
27;BFC;21;1;22/03/2021;8533
27;BFC;21;2;22/03/2021;169
27;BFC;21;1;29/03/2021;7452
27;BFC;21;2;29/03/2021;2971
27;BFC;21;1;05/04/2021;4100
27;BFC;21;2;05/04/2021;4372
27;BFC;21;1;12/04/2021;2636
27;BFC;21;2;12/04/2021;7065
27;BFC;21;1;19/04/2021;1319
27;BFC;21;2;19/04/2021;9079
27;BFC;21;1;26/04/2021;1334
27;BFC;21;2;26/04/2021;6953
53;BRE;22;1;18/01/2021;1572
53;BRE;22;1;25/01/2021;3165
53;BRE;22;2;25/01/2021;18
53;BRE;22;1;01/02/2021;2948
53;BRE;22;2;01/02/2021;473
53;BRE;22;1;08/02/2021;2487
53;BRE;22;2;08/02/2021;381
53;BRE;22;1;15/02/2021;3759
53;BRE;22;2;15/02/2021;1994
53;BRE;22;1;22/02/2021;1925
53;BRE;22;2;22/02/2021;3929
53;BRE;22;1;01/03/2021;5225
53;BRE;22;2;01/03/2021;3835
53;BRE;22;1;08/03/2021;5889
53;BRE;22;2;08/03/2021;3396
53;BRE;22;1;15/03/2021;11258
53;BRE;22;2;15/03/2021;3256
53;BRE;22;1;22/03/2021;13201
53;BRE;22;2;22/03/2021;2125
53;BRE;22;1;29/03/2021;13350
53;BRE;22;2;29/03/2021;5367
53;BRE;22;1;05/04/2021;12344
53;BRE;22;2;05/04/2021;5432
53;BRE;22;1;12/04/2021;9118
53;BRE;22;2;12/04/2021;11405
53;BRE;22;1;19/04/2021;4591
53;BRE;22;2;19/04/2021;13283
53;BRE;22;1;26/04/2021;3012
53;BRE;22;2;26/04/2021;9529
75;NAQ;23;1;18/01/2021;1609
75;NAQ;23;1;25/01/2021;1203
75;NAQ;23;2;25/01/2021;273
75;NAQ;23;1;01/02/2021;334
75;NAQ;23;2;01/02/2021;699
75;NAQ;23;1;08/02/2021;166
75;NAQ;23;2;08/02/2021;1012
75;NAQ;23;1;15/02/2021;229
75;NAQ;23;2;15/02/2021;1243
75;NAQ;23;1;22/02/2021;630
75;NAQ;23;2;22/02/2021;710
75;NAQ;23;1;01/03/2021;722
75;NAQ;23;2;01/03/2021;422
75;NAQ;23;1;08/03/2021;1008
75;NAQ;23;2;08/03/2021;115
75;NAQ;23;1;15/03/2021;735
75;NAQ;23;2;15/03/2021;493
75;NAQ;23;1;22/03/2021;1003
75;NAQ;23;2;22/03/2021;629
75;NAQ;23;1;29/03/2021;1188
75;NAQ;23;2;29/03/2021;767
75;NAQ;23;1;05/04/2021;1109
75;NAQ;23;2;05/04/2021;909
75;NAQ;23;1;12/04/2021;289
75;NAQ;23;2;12/04/2021;1009
75;NAQ;23;1;19/04/2021;9
75;NAQ;23;2;19/04/2021;1132
75;NAQ;23;1;26/04/2021;1
75;NAQ;23;2;26/04/2021;715
75;NAQ;24;1;18/01/2021;1446
75;NAQ;24;1;25/01/2021;1901
75;NAQ;24;2;25/01/2021;3
75;NAQ;24;1;01/02/2021;1297
75;NAQ;24;2;01/02/2021;540
75;NAQ;24;1;08/02/2021;1766
75;NAQ;24;2;08/02/2021;557
75;NAQ;24;1;15/02/2021;1125
75;NAQ;24;2;15/02/2021;1357
75;NAQ;24;1;22/02/2021;1948
75;NAQ;24;2;22/02/2021;1829
75;NAQ;24;1;01/03/2021;2080
75;NAQ;24;2;01/03/2021;1411
75;NAQ;24;1;08/03/2021;3464
75;NAQ;24;2;08/03/2021;1335
75;NAQ;24;1;15/03/2021;4735
75;NAQ;24;2;15/03/2021;1148
75;NAQ;24;1;22/03/2021;6916
75;NAQ;24;2;22/03/2021;1694
75;NAQ;24;1;29/03/2021;8572
75;NAQ;24;2;29/03/2021;1628
75;NAQ;24;1;05/04/2021;4621
75;NAQ;24;2;05/04/2021;3069
75;NAQ;24;1;12/04/2021;2720
75;NAQ;24;2;12/04/2021;5083
75;NAQ;24;1;19/04/2021;1298
75;NAQ;24;2;19/04/2021;6771
75;NAQ;24;1;26/04/2021;1102
75;NAQ;24;2;26/04/2021;8638
27;BFC;25;1;18/01/2021;6036
27;BFC;25;2;18/01/2021;2
27;BFC;25;1;25/01/2021;5475
27;BFC;25;2;25/01/2021;295
27;BFC;25;1;01/02/2021;3833
27;BFC;25;2;01/02/2021;1271
27;BFC;25;1;08/02/2021;3867
27;BFC;25;2;08/02/2021;1226
27;BFC;25;1;15/02/2021;1230
27;BFC;25;2;15/02/2021;5837
27;BFC;25;1;22/02/2021;791
27;BFC;25;2;22/02/2021;4871
27;BFC;25;1;01/03/2021;2455
27;BFC;25;2;01/03/2021;3221
27;BFC;25;1;08/03/2021;2896
27;BFC;25;2;08/03/2021;3027
27;BFC;25;1;15/03/2021;5600
27;BFC;25;2;15/03/2021;480
27;BFC;25;1;22/03/2021;8179
27;BFC;25;2;22/03/2021;241
27;BFC;25;1;29/03/2021;6174
27;BFC;25;2;29/03/2021;1708
27;BFC;25;1;05/04/2021;4438
27;BFC;25;2;05/04/2021;2484
27;BFC;25;1;12/04/2021;1760
27;BFC;25;2;12/04/2021;5413
27;BFC;25;1;19/04/2021;970
27;BFC;25;2;19/04/2021;8026
27;BFC;25;1;26/04/2021;606
27;BFC;25;2;26/04/2021;5991
84;ARA;26;1;18/01/2021;3396
84;ARA;26;1;25/01/2021;4127
84;ARA;26;2;25/01/2021;61
84;ARA;26;1;01/02/2021;3498
84;ARA;26;2;01/02/2021;1022
84;ARA;26;1;08/02/2021;3505
84;ARA;26;2;08/02/2021;1536
84;ARA;26;1;15/02/2021;1320
84;ARA;26;2;15/02/2021;3153
84;ARA;26;1;22/02/2021;1176
84;ARA;26;2;22/02/2021;3454
84;ARA;26;1;01/03/2021;7248
84;ARA;26;2;01/03/2021;3284
84;ARA;26;1;08/03/2021;4158
84;ARA;26;2;08/03/2021;2734
84;ARA;26;1;15/03/2021;7005
84;ARA;26;2;15/03/2021;955
84;ARA;26;1;22/03/2021;9175
84;ARA;26;2;22/03/2021;880
84;ARA;26;1;29/03/2021;7191
84;ARA;26;2;29/03/2021;4799
84;ARA;26;1;05/04/2021;5375
84;ARA;26;2;05/04/2021;4011
84;ARA;26;1;12/04/2021;2243
84;ARA;26;2;12/04/2021;7220
84;ARA;26;1;19/04/2021;349
84;ARA;26;2;19/04/2021;8587
84;ARA;26;1;26/04/2021;310
84;ARA;26;2;26/04/2021;6339
28;NOR;27;1;18/01/2021;3675
28;NOR;27;2;18/01/2021;11
28;NOR;27;1;25/01/2021;2870
28;NOR;27;2;25/01/2021;371
28;NOR;27;1;01/02/2021;1558
28;NOR;27;2;01/02/2021;1320
28;NOR;27;1;08/02/2021;1487
28;NOR;27;2;08/02/2021;1883
28;NOR;27;1;15/02/2021;1561
28;NOR;27;2;15/02/2021;3620
28;NOR;27;1;22/02/2021;2803
28;NOR;27;2;22/02/2021;2579
28;NOR;27;1;01/03/2021;4391
28;NOR;27;2;01/03/2021;1494
28;NOR;27;1;08/03/2021;8757
28;NOR;27;2;08/03/2021;1084
28;NOR;27;1;15/03/2021;8021
28;NOR;27;2;15/03/2021;952
28;NOR;27;1;22/03/2021;7505
28;NOR;27;2;22/03/2021;2316
28;NOR;27;1;29/03/2021;5595
28;NOR;27;2;29/03/2021;5034
28;NOR;27;1;05/04/2021;2078
28;NOR;27;2;05/04/2021;7941
28;NOR;27;1;12/04/2021;980
28;NOR;27;2;12/04/2021;7635
28;NOR;27;1;19/04/2021;1171
28;NOR;27;2;19/04/2021;7619
28;NOR;27;1;26/04/2021;621
28;NOR;27;2;26/04/2021;5966
24;CVL;28;1;18/01/2021;2667
24;CVL;28;2;18/01/2021;1
24;CVL;28;1;25/01/2021;2506
24;CVL;28;2;25/01/2021;157
24;CVL;28;1;01/02/2021;1955
24;CVL;28;2;01/02/2021;828
24;CVL;28;1;08/02/2021;1870
24;CVL;28;2;08/02/2021;1400
24;CVL;28;1;15/02/2021;1610
24;CVL;28;2;15/02/2021;2516
24;CVL;28;1;22/02/2021;1398
24;CVL;28;2;22/02/2021;2069
24;CVL;28;1;01/03/2021;2773
24;CVL;28;2;01/03/2021;1345
24;CVL;28;1;08/03/2021;3650
24;CVL;28;2;08/03/2021;1662
24;CVL;28;1;15/03/2021;3549
24;CVL;28;2;15/03/2021;1099
24;CVL;28;1;22/03/2021;3718
24;CVL;28;2;22/03/2021;1292
24;CVL;28;1;29/03/2021;5139
24;CVL;28;2;29/03/2021;2675
24;CVL;28;1;05/04/2021;4073
24;CVL;28;2;05/04/2021;2507
24;CVL;28;1;12/04/2021;2577
24;CVL;28;2;12/04/2021;3318
24;CVL;28;1;19/04/2021;83
24;CVL;28;2;19/04/2021;3925
24;CVL;28;1;26/04/2021;15
24;CVL;28;2;26/04/2021;4621
53;BRE;29;1;18/01/2021;2813
53;BRE;29;2;18/01/2021;1
53;BRE;29;1;25/01/2021;3186
53;BRE;29;2;25/01/2021;328
53;BRE;29;1;01/02/2021;2983
53;BRE;29;2;01/02/2021;1643
53;BRE;29;1;08/02/2021;3365
53;BRE;29;2;08/02/2021;1522
53;BRE;29;1;15/02/2021;3244
53;BRE;29;2;15/02/2021;3578
53;BRE;29;1;22/02/2021;5005
53;BRE;29;2;22/02/2021;3840
53;BRE;29;1;01/03/2021;6769
53;BRE;29;2;01/03/2021;3576
53;BRE;29;1;08/03/2021;7716
53;BRE;29;2;08/03/2021;3806
53;BRE;29;1;15/03/2021;8894
53;BRE;29;2;15/03/2021;2702
53;BRE;29;1;22/03/2021;10301
53;BRE;29;2;22/03/2021;3502
53;BRE;29;1;29/03/2021;12482
53;BRE;29;2;29/03/2021;5447
53;BRE;29;1;05/04/2021;10308
53;BRE;29;2;05/04/2021;5880
53;BRE;29;1;12/04/2021;4228
53;BRE;29;2;12/04/2021;7705
53;BRE;29;1;19/04/2021;3028
53;BRE;29;2;19/04/2021;10231
53;BRE;29;1;26/04/2021;1736
53;BRE;29;2;26/04/2021;12552
94;COR;2A;1;18/01/2021;1364
94;COR;2A;2;18/01/2021;2
94;COR;2A;1;25/01/2021;1575
94;COR;2A;2;25/01/2021;66
94;COR;2A;1;01/02/2021;1371
94;COR;2A;2;01/02/2021;319
94;COR;2A;1;08/02/2021;1056
94;COR;2A;2;08/02/2021;944
94;COR;2A;1;15/02/2021;1135
94;COR;2A;2;15/02/2021;1189
94;COR;2A;1;22/02/2021;444
94;COR;2A;2;22/02/2021;1409
94;COR;2A;1;01/03/2021;1603
94;COR;2A;2;01/03/2021;1273
94;COR;2A;1;08/03/2021;1854
94;COR;2A;2;08/03/2021;1015
94;COR;2A;1;15/03/2021;1995
94;COR;2A;2;15/03/2021;1185
94;COR;2A;1;22/03/2021;2031
94;COR;2A;2;22/03/2021;495
94;COR;2A;1;29/03/2021;1109
94;COR;2A;2;29/03/2021;2146
94;COR;2A;1;05/04/2021;920
94;COR;2A;2;05/04/2021;1889
94;COR;2A;1;12/04/2021;403
94;COR;2A;2;12/04/2021;1996
94;COR;2A;1;19/04/2021;199
94;COR;2A;2;19/04/2021;1751
94;COR;2A;1;26/04/2021;146
94;COR;2A;2;26/04/2021;1049
94;COR;2B;1;18/01/2021;2786
94;COR;2B;2;18/01/2021;6
94;COR;2B;1;25/01/2021;2405
94;COR;2B;2;25/01/2021;428
94;COR;2B;1;01/02/2021;2675
94;COR;2B;2;01/02/2021;848
94;COR;2B;1;08/02/2021;2265
94;COR;2B;2;08/02/2021;1757
94;COR;2B;1;15/02/2021;1069
94;COR;2B;2;15/02/2021;2367
94;COR;2B;1;22/02/2021;2364
94;COR;2B;2;22/02/2021;1757
94;COR;2B;1;01/03/2021;2474
94;COR;2B;2;01/03/2021;2429
94;COR;2B;1;08/03/2021;3022
94;COR;2B;2;08/03/2021;2220
94;COR;2B;1;15/03/2021;3686
94;COR;2B;2;15/03/2021;2113
94;COR;2B;1;22/03/2021;4902
94;COR;2B;2;22/03/2021;1536
94;COR;2B;1;29/03/2021;4701
94;COR;2B;2;29/03/2021;2306
94;COR;2B;1;05/04/2021;1984
94;COR;2B;2;05/04/2021;2716
94;COR;2B;1;12/04/2021;1206
94;COR;2B;2;12/04/2021;3802
94;COR;2B;1;19/04/2021;568
94;COR;2B;2;19/04/2021;4883
94;COR;2B;1;26/04/2021;58
94;COR;2B;2;26/04/2021;4649
76;OCC;30;1;18/01/2021;3347
76;OCC;30;2;18/01/2021;1
76;OCC;30;1;25/01/2021;3697
76;OCC;30;2;25/01/2021;922
76;OCC;30;1;01/02/2021;2823
76;OCC;30;2;01/02/2021;2024
76;OCC;30;1;08/02/2021;2965
76;OCC;30;2;08/02/2021;2561
76;OCC;30;1;15/02/2021;2804
76;OCC;30;2;15/02/2021;2627
76;OCC;30;1;22/02/2021;3635
76;OCC;30;2;22/02/2021;2773
76;OCC;30;1;01/03/2021;10730
76;OCC;30;2;01/03/2021;2615
76;OCC;30;1;08/03/2021;7895
76;OCC;30;2;08/03/2021;2725
76;OCC;30;1;15/03/2021;7814
76;OCC;30;2;15/03/2021;2434
76;OCC;30;1;22/03/2021;12714
76;OCC;30;2;22/03/2021;3330
76;OCC;30;1;29/03/2021;10705
76;OCC;30;2;29/03/2021;8022
76;OCC;30;1;05/04/2021;10973
76;OCC;30;2;05/04/2021;7182
76;OCC;30;1;12/04/2021;8582
76;OCC;30;2;12/04/2021;8024
76;OCC;30;1;19/04/2021;2252
76;OCC;30;2;19/04/2021;12520
76;OCC;30;1;26/04/2021;1437
76;OCC;30;2;26/04/2021;10110
76;OCC;31;1;18/01/2021;7267
76;OCC;31;2;18/01/2021;12
76;OCC;31;1;25/01/2021;6738
76;OCC;31;2;25/01/2021;1090
76;OCC;31;1;01/02/2021;5738
76;OCC;31;2;01/02/2021;2223
76;OCC;31;1;08/02/2021;6105
76;OCC;31;2;08/02/2021;2752
76;OCC;31;1;15/02/2021;2015
76;OCC;31;2;15/02/2021;7169
76;OCC;31;1;22/02/2021;2499
76;OCC;31;2;22/02/2021;6394
76;OCC;31;1;01/03/2021;7337
76;OCC;31;2;01/03/2021;5341
76;OCC;31;1;08/03/2021;5229
76;OCC;31;2;08/03/2021;5190
76;OCC;31;1;15/03/2021;9247
76;OCC;31;2;15/03/2021;1745
76;OCC;31;1;22/03/2021;12200
76;OCC;31;2;22/03/2021;1408
76;OCC;31;1;29/03/2021;19444
76;OCC;31;2;29/03/2021;1300
76;OCC;31;1;05/04/2021;11658
76;OCC;31;2;05/04/2021;3910
76;OCC;31;1;12/04/2021;6619
76;OCC;31;2;12/04/2021;9112
76;OCC;31;1;19/04/2021;1462
76;OCC;31;2;19/04/2021;14405
76;OCC;31;1;26/04/2021;784
76;OCC;31;2;26/04/2021;18227
76;OCC;32;1;18/01/2021;989
76;OCC;32;1;25/01/2021;1674
76;OCC;32;2;25/01/2021;20
76;OCC;32;1;01/02/2021;1390
76;OCC;32;2;01/02/2021;154
76;OCC;32;1;08/02/2021;1541
76;OCC;32;2;08/02/2021;134
76;OCC;32;1;15/02/2021;836
76;OCC;32;2;15/02/2021;901
76;OCC;32;1;22/02/2021;1403
76;OCC;32;2;22/02/2021;1645
76;OCC;32;1;01/03/2021;1064
76;OCC;32;2;01/03/2021;1375
76;OCC;32;1;08/03/2021;1500
76;OCC;32;2;08/03/2021;1478
76;OCC;32;1;15/03/2021;861
76;OCC;32;2;15/03/2021;787
76;OCC;32;1;22/03/2021;807
76;OCC;32;2;22/03/2021;1387
76;OCC;32;1;29/03/2021;1557
76;OCC;32;2;29/03/2021;810
76;OCC;32;1;05/04/2021;4584
76;OCC;32;2;05/04/2021;877
76;OCC;32;1;12/04/2021;1107
76;OCC;32;2;12/04/2021;858
76;OCC;32;1;19/04/2021;3
76;OCC;32;2;19/04/2021;795
76;OCC;32;1;26/04/2021;2
76;OCC;32;2;26/04/2021;1548
75;NAQ;33;1;18/01/2021;8485
75;NAQ;33;2;18/01/2021;43
75;NAQ;33;1;25/01/2021;9063
75;NAQ;33;2;25/01/2021;901
75;NAQ;33;1;01/02/2021;6574
75;NAQ;33;2;01/02/2021;2462
75;NAQ;33;1;08/02/2021;4977
75;NAQ;33;2;08/02/2021;3480
75;NAQ;33;1;15/02/2021;2706
75;NAQ;33;2;15/02/2021;7489
75;NAQ;33;1;22/02/2021;2522
75;NAQ;33;2;22/02/2021;8230
75;NAQ;33;1;01/03/2021;4906
75;NAQ;33;2;01/03/2021;7240
75;NAQ;33;1;08/03/2021;11075
75;NAQ;33;2;08/03/2021;4617
75;NAQ;33;1;15/03/2021;16540
75;NAQ;33;2;15/03/2021;1580
75;NAQ;33;1;22/03/2021;18941
75;NAQ;33;2;22/03/2021;1192
75;NAQ;33;1;29/03/2021;24230
75;NAQ;33;2;29/03/2021;4200
75;NAQ;33;1;05/04/2021;15779
75;NAQ;33;2;05/04/2021;9683
75;NAQ;33;1;12/04/2021;6673
75;NAQ;33;2;12/04/2021;16086
75;NAQ;33;1;19/04/2021;4286
75;NAQ;33;2;19/04/2021;17368
75;NAQ;33;1;26/04/2021;2132
75;NAQ;33;2;26/04/2021;18063
76;OCC;34;1;18/01/2021;5408
76;OCC;34;2;18/01/2021;8
76;OCC;34;1;25/01/2021;5949
76;OCC;34;2;25/01/2021;15
76;OCC;34;1;01/02/2021;5854
76;OCC;34;2;01/02/2021;767
76;OCC;34;1;08/02/2021;5248
76;OCC;34;2;08/02/2021;1696
76;OCC;34;1;15/02/2021;3070
76;OCC;34;2;15/02/2021;5867
76;OCC;34;1;22/02/2021;2406
76;OCC;34;2;22/02/2021;6129
76;OCC;34;1;01/03/2021;6471
76;OCC;34;2;01/03/2021;5643
76;OCC;34;1;08/03/2021;12393
76;OCC;34;2;08/03/2021;5063
76;OCC;34;1;15/03/2021;17070
76;OCC;34;2;15/03/2021;2161
76;OCC;34;1;22/03/2021;16265
76;OCC;34;2;22/03/2021;2069
76;OCC;34;1;29/03/2021;13927
76;OCC;34;2;29/03/2021;4198
76;OCC;34;1;05/04/2021;8119
76;OCC;34;2;05/04/2021;10973
76;OCC;34;1;12/04/2021;278
76;OCC;34;2;12/04/2021;16916
76;OCC;34;1;19/04/2021;73
76;OCC;34;2;19/04/2021;16490
76;OCC;34;1;26/04/2021;157
76;OCC;34;2;26/04/2021;13633
53;BRE;35;1;18/01/2021;7941
53;BRE;35;2;18/01/2021;17
53;BRE;35;1;25/01/2021;4450
53;BRE;35;2;25/01/2021;922
53;BRE;35;1;01/02/2021;3823
53;BRE;35;2;01/02/2021;2324
53;BRE;35;1;08/02/2021;2744
53;BRE;35;2;08/02/2021;3946
53;BRE;35;1;15/02/2021;3023
53;BRE;35;2;15/02/2021;5116
53;BRE;35;1;22/02/2021;5082
53;BRE;35;2;22/02/2021;3941
53;BRE;35;1;01/03/2021;5437
53;BRE;35;2;01/03/2021;3342
53;BRE;35;1;08/03/2021;7790
53;BRE;35;2;08/03/2021;2089
53;BRE;35;1;15/03/2021;9782
53;BRE;35;2;15/03/2021;1905
53;BRE;35;1;22/03/2021;8644
53;BRE;35;2;22/03/2021;3893
53;BRE;35;1;29/03/2021;10102
53;BRE;35;2;29/03/2021;5440
53;BRE;35;1;05/04/2021;10906
53;BRE;35;2;05/04/2021;6194
53;BRE;35;1;12/04/2021;7569
53;BRE;35;2;12/04/2021;9424
53;BRE;35;1;19/04/2021;3377
53;BRE;35;2;19/04/2021;10119
53;BRE;35;1;26/04/2021;1161
53;BRE;35;2;26/04/2021;9961
24;CVL;36;1;18/01/2021;2761
24;CVL;36;1;25/01/2021;2844
24;CVL;36;2;25/01/2021;80
24;CVL;36;1;01/02/2021;1614
24;CVL;36;2;01/02/2021;231
24;CVL;36;1;08/02/2021;1141
24;CVL;36;2;08/02/2021;835
24;CVL;36;1;15/02/2021;201
24;CVL;36;2;15/02/2021;2643
24;CVL;36;1;22/02/2021;392
24;CVL;36;2;22/02/2021;2657
24;CVL;36;1;01/03/2021;1896
24;CVL;36;2;01/03/2021;1505
24;CVL;36;1;08/03/2021;2378
24;CVL;36;2;08/03/2021;1108
24;CVL;36;1;15/03/2021;2723
24;CVL;36;2;15/03/2021;212
24;CVL;36;1;22/03/2021;3420
24;CVL;36;2;22/03/2021;331
24;CVL;36;1;29/03/2021;2680
24;CVL;36;2;29/03/2021;1216
24;CVL;36;1;05/04/2021;2411
24;CVL;36;2;05/04/2021;2035
24;CVL;36;1;12/04/2021;2231
24;CVL;36;2;12/04/2021;2670
24;CVL;36;1;19/04/2021;696
24;CVL;36;2;19/04/2021;3044
24;CVL;36;1;26/04/2021;426
24;CVL;36;2;26/04/2021;2467
24;CVL;37;1;18/01/2021;2772
24;CVL;37;2;18/01/2021;14
24;CVL;37;1;25/01/2021;2583
24;CVL;37;2;25/01/2021;396
24;CVL;37;1;01/02/2021;2315
24;CVL;37;2;01/02/2021;861
24;CVL;37;1;08/02/2021;2102
24;CVL;37;2;08/02/2021;1284
24;CVL;37;1;15/02/2021;2020
24;CVL;37;2;15/02/2021;2709
24;CVL;37;1;22/02/2021;1889
24;CVL;37;2;22/02/2021;2632
24;CVL;37;1;01/03/2021;3634
24;CVL;37;2;01/03/2021;2202
24;CVL;37;1;08/03/2021;3950
24;CVL;37;2;08/03/2021;2108
24;CVL;37;1;15/03/2021;4378
24;CVL;37;2;15/03/2021;1581
24;CVL;37;1;22/03/2021;6052
24;CVL;37;2;22/03/2021;1532
24;CVL;37;1;29/03/2021;7024
24;CVL;37;2;29/03/2021;2399
24;CVL;37;1;05/04/2021;4945
24;CVL;37;2;05/04/2021;3228
24;CVL;37;1;12/04/2021;2326
24;CVL;37;2;12/04/2021;4317
24;CVL;37;1;19/04/2021;691
24;CVL;37;2;19/04/2021;5934
24;CVL;37;1;26/04/2021;252
24;CVL;37;2;26/04/2021;6779
84;ARA;38;1;18/01/2021;4886
84;ARA;38;2;18/01/2021;6
84;ARA;38;1;25/01/2021;4021
84;ARA;38;2;25/01/2021;1035
84;ARA;38;1;01/02/2021;3513
84;ARA;38;2;01/02/2021;1926
84;ARA;38;1;08/02/2021;3538
84;ARA;38;2;08/02/2021;2968
84;ARA;38;1;15/02/2021;4229
84;ARA;38;2;15/02/2021;3584
84;ARA;38;1;22/02/2021;5716
84;ARA;38;2;22/02/2021;3607
84;ARA;38;1;01/03/2021;11006
84;ARA;38;2;01/03/2021;3447
84;ARA;38;1;08/03/2021;10105
84;ARA;38;2;08/03/2021;3791
84;ARA;38;1;15/03/2021;10537
84;ARA;38;2;15/03/2021;3769
84;ARA;38;1;22/03/2021;12368
84;ARA;38;2;22/03/2021;5297
84;ARA;38;1;29/03/2021;6997
84;ARA;38;2;29/03/2021;10030
84;ARA;38;1;05/04/2021;12168
84;ARA;38;2;05/04/2021;9458
84;ARA;38;1;12/04/2021;8372
84;ARA;38;2;12/04/2021;11153
84;ARA;38;1;19/04/2021;4159
84;ARA;38;2;19/04/2021;11204
84;ARA;38;1;26/04/2021;1705
84;ARA;38;2;26/04/2021;6568
27;BFC;39;1;18/01/2021;4268
27;BFC;39;2;18/01/2021;7
27;BFC;39;1;25/01/2021;3893
27;BFC;39;2;25/01/2021;640
27;BFC;39;1;01/02/2021;3086
27;BFC;39;2;01/02/2021;1606
27;BFC;39;1;08/02/2021;2080
27;BFC;39;2;08/02/2021;861
27;BFC;39;1;15/02/2021;288
27;BFC;39;2;15/02/2021;3596
27;BFC;39;1;22/02/2021;181
27;BFC;39;2;22/02/2021;4067
27;BFC;39;1;01/03/2021;2056
27;BFC;39;2;01/03/2021;3205
27;BFC;39;1;08/03/2021;2052
27;BFC;39;2;08/03/2021;2055
27;BFC;39;1;15/03/2021;2072
27;BFC;39;2;15/03/2021;218
27;BFC;39;1;22/03/2021;3147
27;BFC;39;2;22/03/2021;169
27;BFC;39;1;29/03/2021;2762
27;BFC;39;2;29/03/2021;1265
27;BFC;39;1;05/04/2021;3003
27;BFC;39;2;05/04/2021;1972
27;BFC;39;1;12/04/2021;1980
27;BFC;39;2;12/04/2021;2015
27;BFC;39;1;19/04/2021;1409
27;BFC;39;2;19/04/2021;3121
27;BFC;39;1;26/04/2021;1830
27;BFC;39;2;26/04/2021;2674
75;NAQ;40;1;18/01/2021;2743
75;NAQ;40;2;18/01/2021;15
75;NAQ;40;1;25/01/2021;2649
75;NAQ;40;2;25/01/2021;225
75;NAQ;40;1;01/02/2021;3614
75;NAQ;40;2;01/02/2021;675
75;NAQ;40;1;08/02/2021;3146
75;NAQ;40;2;08/02/2021;1113
75;NAQ;40;1;15/02/2021;445
75;NAQ;40;2;15/02/2021;2313
75;NAQ;40;1;22/02/2021;631
75;NAQ;40;2;22/02/2021;2368
75;NAQ;40;1;01/03/2021;1535
75;NAQ;40;2;01/03/2021;3373
75;NAQ;40;1;08/03/2021;2547
75;NAQ;40;2;08/03/2021;2615
75;NAQ;40;1;15/03/2021;5123
75;NAQ;40;2;15/03/2021;503
75;NAQ;40;1;22/03/2021;6619
75;NAQ;40;2;22/03/2021;710
75;NAQ;40;1;29/03/2021;5971
75;NAQ;40;2;29/03/2021;1252
75;NAQ;40;1;05/04/2021;5630
75;NAQ;40;2;05/04/2021;2003
75;NAQ;40;1;12/04/2021;4185
75;NAQ;40;2;12/04/2021;4838
75;NAQ;40;1;19/04/2021;565
75;NAQ;40;2;19/04/2021;5670
75;NAQ;40;1;26/04/2021;101
75;NAQ;40;2;26/04/2021;5434
24;CVL;41;1;18/01/2021;1541
24;CVL;41;2;18/01/2021;1
24;CVL;41;1;25/01/2021;1631
24;CVL;41;2;25/01/2021;2
24;CVL;41;1;01/02/2021;1525
24;CVL;41;2;01/02/2021;346
24;CVL;41;1;08/02/2021;1836
24;CVL;41;2;08/02/2021;353
24;CVL;41;1;15/02/2021;1568
24;CVL;41;2;15/02/2021;1398
24;CVL;41;1;22/02/2021;1474
24;CVL;41;2;22/02/2021;1522
24;CVL;41;1;01/03/2021;2846
24;CVL;41;2;01/03/2021;1499
24;CVL;41;1;08/03/2021;3486
24;CVL;41;2;08/03/2021;1675
24;CVL;41;1;15/03/2021;3608
24;CVL;41;2;15/03/2021;1339
24;CVL;41;1;22/03/2021;4210
24;CVL;41;2;22/03/2021;1477
24;CVL;41;1;29/03/2021;4082
24;CVL;41;2;29/03/2021;2002
24;CVL;41;1;05/04/2021;4986
24;CVL;41;2;05/04/2021;3340
24;CVL;41;1;12/04/2021;890
24;CVL;41;2;12/04/2021;3597
24;CVL;41;1;19/04/2021;700
24;CVL;41;2;19/04/2021;4294
24;CVL;41;1;26/04/2021;51
24;CVL;41;2;26/04/2021;3728
84;ARA;42;1;18/01/2021;8401
84;ARA;42;2;18/01/2021;10
84;ARA;42;1;25/01/2021;7667
84;ARA;42;2;25/01/2021;810
84;ARA;42;1;01/02/2021;4288
84;ARA;42;2;01/02/2021;3533
84;ARA;42;1;08/02/2021;4987
84;ARA;42;2;08/02/2021;4517
84;ARA;42;1;15/02/2021;2463
84;ARA;42;2;15/02/2021;7181
84;ARA;42;1;22/02/2021;3741
84;ARA;42;2;22/02/2021;6490
84;ARA;42;1;01/03/2021;7807
84;ARA;42;2;01/03/2021;3803
84;ARA;42;1;08/03/2021;8161
84;ARA;42;2;08/03/2021;2259
84;ARA;42;1;15/03/2021;9556
84;ARA;42;2;15/03/2021;2174
84;ARA;42;1;22/03/2021;11058
84;ARA;42;2;22/03/2021;3576
84;ARA;42;1;29/03/2021;10119
84;ARA;42;2;29/03/2021;5922
84;ARA;42;1;05/04/2021;7649
84;ARA;42;2;05/04/2021;6700
84;ARA;42;1;12/04/2021;5342
84;ARA;42;2;12/04/2021;9193
84;ARA;42;1;19/04/2021;5056
84;ARA;42;2;19/04/2021;10863
84;ARA;42;1;26/04/2021;4853
84;ARA;42;2;26/04/2021;10027
84;ARA;43;1;18/01/2021;1676
84;ARA;43;1;25/01/2021;2868
84;ARA;43;2;25/01/2021;63
84;ARA;43;1;01/02/2021;2482
84;ARA;43;2;01/02/2021;272
84;ARA;43;1;08/02/2021;2986
84;ARA;43;2;08/02/2021;736
84;ARA;43;1;15/02/2021;179
84;ARA;43;2;15/02/2021;1613
84;ARA;43;1;22/02/2021;85
84;ARA;43;2;22/02/2021;2811
84;ARA;43;1;01/03/2021;1290
84;ARA;43;2;01/03/2021;2489
84;ARA;43;1;08/03/2021;2372
84;ARA;43;2;08/03/2021;2229
84;ARA;43;1;15/03/2021;3450
84;ARA;43;2;15/03/2021;191
84;ARA;43;1;22/03/2021;5628
84;ARA;43;2;22/03/2021;119
84;ARA;43;1;29/03/2021;4610
84;ARA;43;2;29/03/2021;1170
84;ARA;43;1;05/04/2021;2418
84;ARA;43;2;05/04/2021;2191
84;ARA;43;1;12/04/2021;2367
84;ARA;43;2;12/04/2021;3382
84;ARA;43;1;19/04/2021;504
84;ARA;43;2;19/04/2021;6051
84;ARA;43;1;26/04/2021;156
84;ARA;43;2;26/04/2021;4482
52;PDL;44;1;18/01/2021;6216
52;PDL;44;2;18/01/2021;15
52;PDL;44;1;25/01/2021;4901
52;PDL;44;2;25/01/2021;1161
52;PDL;44;1;01/02/2021;4054
52;PDL;44;2;01/02/2021;3623
52;PDL;44;1;08/02/2021;3624
52;PDL;44;2;08/02/2021;2637
52;PDL;44;1;15/02/2021;3039
52;PDL;44;2;15/02/2021;5706
52;PDL;44;1;22/02/2021;3885
52;PDL;44;2;22/02/2021;4492
52;PDL;44;1;01/03/2021;7019
52;PDL;44;2;01/03/2021;3986
52;PDL;44;1;08/03/2021;7620
52;PDL;44;2;08/03/2021;3290
52;PDL;44;1;15/03/2021;9539
52;PDL;44;2;15/03/2021;1412
52;PDL;44;1;22/03/2021;10129
52;PDL;44;2;22/03/2021;2235
52;PDL;44;1;29/03/2021;12969
52;PDL;44;2;29/03/2021;4475
52;PDL;44;1;05/04/2021;14610
52;PDL;44;2;05/04/2021;6383
52;PDL;44;1;12/04/2021;10619
52;PDL;44;2;12/04/2021;9703
52;PDL;44;1;19/04/2021;5569
52;PDL;44;2;19/04/2021;11922
52;PDL;44;1;26/04/2021;3075
52;PDL;44;2;26/04/2021;13939
24;CVL;45;1;18/01/2021;3855
24;CVL;45;2;18/01/2021;16
24;CVL;45;1;25/01/2021;3195
24;CVL;45;2;25/01/2021;300
24;CVL;45;1;01/02/2021;2912
24;CVL;45;2;01/02/2021;928
24;CVL;45;1;08/02/2021;3293
24;CVL;45;2;08/02/2021;849
24;CVL;45;1;15/02/2021;3270
24;CVL;45;2;15/02/2021;3655
24;CVL;45;1;22/02/2021;2894
24;CVL;45;2;22/02/2021;3545
24;CVL;45;1;01/03/2021;3589
24;CVL;45;2;01/03/2021;2659
24;CVL;45;1;08/03/2021;3723
24;CVL;45;2;08/03/2021;3144
24;CVL;45;1;15/03/2021;4318
24;CVL;45;2;15/03/2021;3036
24;CVL;45;1;22/03/2021;7970
24;CVL;45;2;22/03/2021;2471
24;CVL;45;1;29/03/2021;8390
24;CVL;45;2;29/03/2021;2303
24;CVL;45;1;05/04/2021;4437
24;CVL;45;2;05/04/2021;2948
24;CVL;45;1;12/04/2021;571
24;CVL;45;2;12/04/2021;4329
24;CVL;45;1;19/04/2021;397
24;CVL;45;2;19/04/2021;7787
24;CVL;45;1;26/04/2021;64
24;CVL;45;2;26/04/2021;8031
76;OCC;46;1;18/01/2021;1116
76;OCC;46;1;25/01/2021;1177
76;OCC;46;2;25/01/2021;16
76;OCC;46;1;01/02/2021;983
76;OCC;46;2;01/02/2021;352
76;OCC;46;1;08/02/2021;1147
76;OCC;46;2;08/02/2021;594
76;OCC;46;1;15/02/2021;1030
76;OCC;46;2;15/02/2021;1047
76;OCC;46;1;22/02/2021;988
76;OCC;46;2;22/02/2021;1273
76;OCC;46;1;01/03/2021;2048
76;OCC;46;2;01/03/2021;1024
76;OCC;46;1;08/03/2021;2480
76;OCC;46;2;08/03/2021;1069
76;OCC;46;1;15/03/2021;2965
76;OCC;46;2;15/03/2021;836
76;OCC;46;1;22/03/2021;2610
76;OCC;46;2;22/03/2021;997
76;OCC;46;1;29/03/2021;2650
76;OCC;46;2;29/03/2021;1731
76;OCC;46;1;05/04/2021;2035
76;OCC;46;2;05/04/2021;2167
76;OCC;46;1;12/04/2021;2331
76;OCC;46;2;12/04/2021;3100
76;OCC;46;1;19/04/2021;2142
76;OCC;46;2;19/04/2021;2645
76;OCC;46;1;26/04/2021;1507
76;OCC;46;2;26/04/2021;2294
75;NAQ;47;1;18/01/2021;2329
75;NAQ;47;2;18/01/2021;1
75;NAQ;47;1;25/01/2021;2275
75;NAQ;47;2;25/01/2021;153
75;NAQ;47;1;01/02/2021;1674
75;NAQ;47;2;01/02/2021;674
75;NAQ;47;1;08/02/2021;1225
75;NAQ;47;2;08/02/2021;1276
75;NAQ;47;1;15/02/2021;716
75;NAQ;47;2;15/02/2021;1743
75;NAQ;47;1;22/02/2021;568
75;NAQ;47;2;22/02/2021;1855
75;NAQ;47;1;01/03/2021;1236
75;NAQ;47;2;01/03/2021;1647
75;NAQ;47;1;08/03/2021;2054
75;NAQ;47;2;08/03/2021;1247
75;NAQ;47;1;15/03/2021;4118
75;NAQ;47;2;15/03/2021;441
75;NAQ;47;1;22/03/2021;5095
75;NAQ;47;2;22/03/2021;500
75;NAQ;47;1;29/03/2021;6134
75;NAQ;47;2;29/03/2021;859
75;NAQ;47;1;05/04/2021;3887
75;NAQ;47;2;05/04/2021;1737
75;NAQ;47;1;12/04/2021;1284
75;NAQ;47;2;12/04/2021;3961
75;NAQ;47;1;19/04/2021;495
75;NAQ;47;2;19/04/2021;5147
75;NAQ;47;1;26/04/2021;262
75;NAQ;47;2;26/04/2021;6273
76;OCC;48;1;18/01/2021;820
76;OCC;48;1;25/01/2021;793
76;OCC;48;2;25/01/2021;20
76;OCC;48;1;01/02/2021;564
76;OCC;48;2;01/02/2021;102
76;OCC;48;1;08/02/2021;361
76;OCC;48;2;08/02/2021;252
76;OCC;48;1;15/02/2021;328
76;OCC;48;2;15/02/2021;529
76;OCC;48;1;22/02/2021;102
76;OCC;48;2;22/02/2021;721
76;OCC;48;1;01/03/2021;250
76;OCC;48;2;01/03/2021;533
76;OCC;48;1;08/03/2021;374
76;OCC;48;2;08/03/2021;357
76;OCC;48;1;15/03/2021;461
76;OCC;48;2;15/03/2021;326
76;OCC;48;1;22/03/2021;626
76;OCC;48;2;22/03/2021;249
76;OCC;48;1;29/03/2021;1073
76;OCC;48;2;29/03/2021;260
76;OCC;48;1;05/04/2021;724
76;OCC;48;2;05/04/2021;428
76;OCC;48;1;12/04/2021;475
76;OCC;48;2;12/04/2021;329
76;OCC;48;1;19/04/2021;419
76;OCC;48;2;19/04/2021;576
76;OCC;48;1;26/04/2021;252
76;OCC;48;2;26/04/2021;983
52;PDL;49;1;18/01/2021;3892
52;PDL;49;2;18/01/2021;11
52;PDL;49;1;25/01/2021;3692
52;PDL;49;2;25/01/2021;276
52;PDL;49;1;01/02/2021;3577
52;PDL;49;2;01/02/2021;1428
52;PDL;49;1;08/02/2021;2923
52;PDL;49;2;08/02/2021;2477
52;PDL;49;1;15/02/2021;2892
52;PDL;49;2;15/02/2021;2977
52;PDL;49;1;22/02/2021;2544
52;PDL;49;2;22/02/2021;3360
52;PDL;49;1;01/03/2021;3184
52;PDL;49;2;01/03/2021;3075
52;PDL;49;1;08/03/2021;4871
52;PDL;49;2;08/03/2021;2766
52;PDL;49;1;15/03/2021;8217
52;PDL;49;2;15/03/2021;2061
52;PDL;49;1;22/03/2021;9440
52;PDL;49;2;22/03/2021;2012
52;PDL;49;1;29/03/2021;9821
52;PDL;49;2;29/03/2021;3090
52;PDL;49;1;05/04/2021;6709
52;PDL;49;2;05/04/2021;4362
52;PDL;49;1;12/04/2021;3066
52;PDL;49;2;12/04/2021;8601
52;PDL;49;1;19/04/2021;1610
52;PDL;49;2;19/04/2021;9800
52;PDL;49;1;26/04/2021;539
52;PDL;49;2;26/04/2021;9950
28;NOR;50;1;18/01/2021;2985
28;NOR;50;1;25/01/2021;2933
28;NOR;50;2;25/01/2021;149
28;NOR;50;1;01/02/2021;2145
28;NOR;50;2;01/02/2021;922
28;NOR;50;1;08/02/2021;1697
28;NOR;50;2;08/02/2021;1922
28;NOR;50;1;15/02/2021;2112
28;NOR;50;2;15/02/2021;2422
28;NOR;50;1;22/02/2021;1966
28;NOR;50;2;22/02/2021;2715
28;NOR;50;1;01/03/2021;2809
28;NOR;50;2;01/03/2021;2171
28;NOR;50;1;08/03/2021;5727
28;NOR;50;2;08/03/2021;1449
28;NOR;50;1;15/03/2021;6220
28;NOR;50;2;15/03/2021;1815
28;NOR;50;1;22/03/2021;7631
28;NOR;50;2;22/03/2021;2040
28;NOR;50;1;29/03/2021;8289
28;NOR;50;2;29/03/2021;4074
28;NOR;50;1;05/04/2021;7161
28;NOR;50;2;05/04/2021;5749
28;NOR;50;1;12/04/2021;3990
28;NOR;50;2;12/04/2021;6963
28;NOR;50;1;19/04/2021;1650
28;NOR;50;2;19/04/2021;8482
28;NOR;50;1;26/04/2021;684
28;NOR;50;2;26/04/2021;8310
44;GES;51;1;18/01/2021;3577
44;GES;51;1;25/01/2021;3040
44;GES;51;2;25/01/2021;5
44;GES;51;1;01/02/2021;1921
44;GES;51;2;01/02/2021;97
44;GES;51;1;08/02/2021;149
44;GES;51;2;08/02/2021;1261
44;GES;51;1;15/02/2021;620
44;GES;51;2;15/02/2021;3402
44;GES;51;1;22/02/2021;620
44;GES;51;2;22/02/2021;3032
44;GES;51;1;01/03/2021;3338
44;GES;51;2;01/03/2021;1879
44;GES;51;1;08/03/2021;5952
44;GES;51;2;08/03/2021;53
44;GES;51;1;15/03/2021;4660
44;GES;51;2;15/03/2021;387
44;GES;51;1;22/03/2021;7022
44;GES;51;2;22/03/2021;509
44;GES;51;1;29/03/2021;4625
44;GES;51;2;29/03/2021;3109
44;GES;51;1;05/04/2021;3376
44;GES;51;2;05/04/2021;3532
44;GES;51;1;12/04/2021;1322
44;GES;51;2;12/04/2021;4937
44;GES;51;1;19/04/2021;601
44;GES;51;2;19/04/2021;7304
44;GES;51;1;26/04/2021;1076
44;GES;51;2;26/04/2021;4609
44;GES;52;1;18/01/2021;1779
44;GES;52;2;18/01/2021;1
44;GES;52;1;25/01/2021;948
44;GES;52;2;25/01/2021;127
44;GES;52;1;01/02/2021;178
44;GES;52;2;01/02/2021;1205
44;GES;52;1;08/02/2021;437
44;GES;52;2;08/02/2021;750
44;GES;52;1;15/02/2021;254
44;GES;52;2;15/02/2021;1418
44;GES;52;1;22/02/2021;281
44;GES;52;2;22/02/2021;818
44;GES;52;1;01/03/2021;954
44;GES;52;2;01/03/2021;114
44;GES;52;1;08/03/2021;1272
44;GES;52;2;08/03/2021;352
44;GES;52;1;15/03/2021;1239
44;GES;52;2;15/03/2021;45
44;GES;52;1;22/03/2021;1971
44;GES;52;2;22/03/2021;229
44;GES;52;1;29/03/2021;2396
44;GES;52;2;29/03/2021;600
44;GES;52;1;05/04/2021;1564
44;GES;52;2;05/04/2021;915
44;GES;52;1;12/04/2021;1113
44;GES;52;2;12/04/2021;1325
44;GES;52;1;19/04/2021;7
44;GES;52;2;19/04/2021;2301
44;GES;52;1;26/04/2021;9
44;GES;52;2;26/04/2021;2187
52;PDL;53;1;18/01/2021;2133
52;PDL;53;1;25/01/2021;2372
52;PDL;53;2;25/01/2021;181
52;PDL;53;1;01/02/2021;1149
52;PDL;53;2;01/02/2021;559
52;PDL;53;1;08/02/2021;912
52;PDL;53;2;08/02/2021;906
52;PDL;53;1;15/02/2021;1467
52;PDL;53;2;15/02/2021;1722
52;PDL;53;1;22/02/2021;353
52;PDL;53;2;22/02/2021;2358
52;PDL;53;1;01/03/2021;1807
52;PDL;53;2;01/03/2021;1135
52;PDL;53;1;08/03/2021;3689
52;PDL;53;2;08/03/2021;354
52;PDL;53;1;15/03/2021;4652
52;PDL;53;2;15/03/2021;1125
52;PDL;53;1;22/03/2021;6137
52;PDL;53;2;22/03/2021;185
52;PDL;53;1;29/03/2021;6968
52;PDL;53;2;29/03/2021;1018
52;PDL;53;1;05/04/2021;3865
52;PDL;53;2;05/04/2021;2476
52;PDL;53;1;12/04/2021;1075
52;PDL;53;2;12/04/2021;5058
52;PDL;53;1;19/04/2021;236
52;PDL;53;2;19/04/2021;5868
52;PDL;53;1;26/04/2021;276
52;PDL;53;2;26/04/2021;6390
44;GES;54;1;18/01/2021;7704
44;GES;54;2;18/01/2021;20
44;GES;54;1;25/01/2021;2001
44;GES;54;2;25/01/2021;826
44;GES;54;1;01/02/2021;415
44;GES;54;2;01/02/2021;6340
44;GES;54;1;08/02/2021;1579
44;GES;54;2;08/02/2021;5235
44;GES;54;1;15/02/2021;2148
44;GES;54;2;15/02/2021;5274
44;GES;54;1;22/02/2021;3628
44;GES;54;2;22/02/2021;1774
44;GES;54;1;01/03/2021;10609
44;GES;54;2;01/03/2021;450
44;GES;54;1;08/03/2021;12382
44;GES;54;2;08/03/2021;113
44;GES;54;1;15/03/2021;10546
44;GES;54;2;15/03/2021;381
44;GES;54;1;22/03/2021;6829
44;GES;54;2;22/03/2021;3169
44;GES;54;1;29/03/2021;6305
44;GES;54;2;29/03/2021;9739
44;GES;54;1;05/04/2021;1180
44;GES;54;2;05/04/2021;10776
44;GES;54;1;12/04/2021;22
44;GES;54;2;12/04/2021;10322
44;GES;54;1;19/04/2021;49
44;GES;54;2;19/04/2021;6708
44;GES;54;1;26/04/2021;419
44;GES;54;2;26/04/2021;5722
44;GES;55;1;18/01/2021;1624
44;GES;55;1;25/01/2021;1702
44;GES;55;2;25/01/2021;15
44;GES;55;1;01/02/2021;390
44;GES;55;2;01/02/2021;85
44;GES;55;1;08/02/2021;185
44;GES;55;2;08/02/2021;8
44;GES;55;1;15/02/2021;191
44;GES;55;2;15/02/2021;1628
44;GES;55;1;22/02/2021;216
44;GES;55;2;22/02/2021;1557
44;GES;55;1;01/03/2021;35
44;GES;55;2;01/03/2021;370
44;GES;55;1;08/03/2021;1105
44;GES;55;2;08/03/2021;189
44;GES;55;1;15/03/2021;1743
44;GES;55;2;15/03/2021;143
44;GES;55;1;22/03/2021;2015
44;GES;55;2;22/03/2021;55
44;GES;55;1;29/03/2021;3704
44;GES;55;2;29/03/2021;36
44;GES;55;1;05/04/2021;3093
44;GES;55;2;05/04/2021;903
44;GES;55;1;12/04/2021;495
44;GES;55;2;12/04/2021;1733
44;GES;55;1;19/04/2021;208
44;GES;55;2;19/04/2021;2256
44;GES;55;1;26/04/2021;503
44;GES;55;2;26/04/2021;3081
53;BRE;56;1;18/01/2021;3902
53;BRE;56;1;25/01/2021;4070
53;BRE;56;2;25/01/2021;184
53;BRE;56;1;01/02/2021;3779
53;BRE;56;2;01/02/2021;574
53;BRE;56;1;08/02/2021;2777
53;BRE;56;2;08/02/2021;1585
53;BRE;56;1;15/02/2021;4157
53;BRE;56;2;15/02/2021;3686
53;BRE;56;1;22/02/2021;3004
53;BRE;56;2;22/02/2021;3750
53;BRE;56;1;01/03/2021;3265
53;BRE;56;2;01/03/2021;3475
53;BRE;56;1;08/03/2021;5513
53;BRE;56;2;08/03/2021;2595
53;BRE;56;1;15/03/2021;5788
53;BRE;56;2;15/03/2021;3128
53;BRE;56;1;22/03/2021;8901
53;BRE;56;2;22/03/2021;2733
53;BRE;56;1;29/03/2021;10200
53;BRE;56;2;29/03/2021;3138
53;BRE;56;1;05/04/2021;11180
53;BRE;56;2;05/04/2021;4897
53;BRE;56;1;12/04/2021;9443
53;BRE;56;2;12/04/2021;5968
53;BRE;56;1;19/04/2021;4278
53;BRE;56;2;19/04/2021;9417
53;BRE;56;1;26/04/2021;2114
53;BRE;56;2;26/04/2021;9679
44;GES;57;1;18/01/2021;3488
44;GES;57;2;18/01/2021;44
44;GES;57;1;25/01/2021;3946
44;GES;57;2;25/01/2021;1212
44;GES;57;1;01/02/2021;3758
44;GES;57;2;01/02/2021;2016
44;GES;57;1;08/02/2021;5731
44;GES;57;2;08/02/2021;1026
44;GES;57;1;15/02/2021;5415
44;GES;57;2;15/02/2021;3228
44;GES;57;1;22/02/2021;10541
44;GES;57;2;22/02/2021;3654
44;GES;57;1;01/03/2021;17931
44;GES;57;2;01/03/2021;4400
44;GES;57;1;08/03/2021;14451
44;GES;57;2;08/03/2021;5150
44;GES;57;1;15/03/2021;17661
44;GES;57;2;15/03/2021;4867
44;GES;57;1;22/03/2021;12647
44;GES;57;2;22/03/2021;10873
44;GES;57;1;29/03/2021;9935
44;GES;57;2;29/03/2021;13031
44;GES;57;1;05/04/2021;8630
44;GES;57;2;05/04/2021;13223
44;GES;57;1;12/04/2021;1167
44;GES;57;2;12/04/2021;17581
44;GES;57;1;19/04/2021;1457
44;GES;57;2;19/04/2021;12793
44;GES;57;1;26/04/2021;199
44;GES;57;2;26/04/2021;10056
27;BFC;58;1;18/01/2021;2942
27;BFC;58;2;18/01/2021;1
27;BFC;58;1;25/01/2021;2988
27;BFC;58;2;25/01/2021;2
27;BFC;58;1;01/02/2021;1469
27;BFC;58;2;01/02/2021;94
27;BFC;58;1;08/02/2021;1540
27;BFC;58;2;08/02/2021;514
27;BFC;58;1;15/02/2021;635
27;BFC;58;2;15/02/2021;3115
27;BFC;58;1;22/02/2021;174
27;BFC;58;2;22/02/2021;2935
27;BFC;58;1;01/03/2021;1887
27;BFC;58;2;01/03/2021;1484
27;BFC;58;1;08/03/2021;1967
27;BFC;58;2;08/03/2021;1450
27;BFC;58;1;15/03/2021;2563
27;BFC;58;2;15/03/2021;545
27;BFC;58;1;22/03/2021;4819
27;BFC;58;2;22/03/2021;38
27;BFC;58;1;29/03/2021;4400
27;BFC;58;2;29/03/2021;1517
27;BFC;58;1;05/04/2021;2751
27;BFC;58;2;05/04/2021;1678
27;BFC;58;1;12/04/2021;2053
27;BFC;58;2;12/04/2021;2733
27;BFC;58;1;19/04/2021;519
27;BFC;58;2;19/04/2021;4807
27;BFC;58;1;26/04/2021;353
27;BFC;58;2;26/04/2021;3623
32;HDF;59;1;18/01/2021;18380
32;HDF;59;2;18/01/2021;82
32;HDF;59;1;25/01/2021;7342
32;HDF;59;2;25/01/2021;2134
32;HDF;59;1;01/02/2021;600
32;HDF;59;2;01/02/2021;6075
32;HDF;59;1;08/02/2021;4308
32;HDF;59;2;08/02/2021;7816
32;HDF;59;1;15/02/2021;8371
32;HDF;59;2;15/02/2021;16987
32;HDF;59;1;22/02/2021;12971
32;HDF;59;2;22/02/2021;6617
32;HDF;59;1;01/03/2021;31160
32;HDF;59;2;01/03/2021;969
32;HDF;59;1;08/03/2021;33517
32;HDF;59;2;08/03/2021;4023
32;HDF;59;1;15/03/2021;34083
32;HDF;59;2;15/03/2021;5824
32;HDF;59;1;22/03/2021;35560
32;HDF;59;2;22/03/2021;11319
32;HDF;59;1;29/03/2021;25498
32;HDF;59;2;29/03/2021;25987
32;HDF;59;1;05/04/2021;10594
32;HDF;59;2;05/04/2021;29255
32;HDF;59;1;12/04/2021;4504
32;HDF;59;2;12/04/2021;33623
32;HDF;59;1;19/04/2021;3767
32;HDF;59;2;19/04/2021;34949
32;HDF;59;1;26/04/2021;1330
32;HDF;59;2;26/04/2021;24603
32;HDF;60;1;18/01/2021;4099
32;HDF;60;2;18/01/2021;3
32;HDF;60;1;25/01/2021;2490
32;HDF;60;2;25/01/2021;46
32;HDF;60;1;01/02/2021;590
32;HDF;60;2;01/02/2021;741
32;HDF;60;1;08/02/2021;1845
32;HDF;60;2;08/02/2021;1867
32;HDF;60;1;15/02/2021;2749
32;HDF;60;2;15/02/2021;3781
32;HDF;60;1;22/02/2021;3275
32;HDF;60;2;22/02/2021;2530
32;HDF;60;1;01/03/2021;6208
32;HDF;60;2;01/03/2021;486
32;HDF;60;1;08/03/2021;8879
32;HDF;60;2;08/03/2021;1739
32;HDF;60;1;15/03/2021;10490
32;HDF;60;2;15/03/2021;2739
32;HDF;60;1;22/03/2021;14611
32;HDF;60;2;22/03/2021;3542
32;HDF;60;1;29/03/2021;12088
32;HDF;60;2;29/03/2021;5935
32;HDF;60;1;05/04/2021;4972
32;HDF;60;2;05/04/2021;8191
32;HDF;60;1;12/04/2021;3845
32;HDF;60;2;12/04/2021;11574
32;HDF;60;1;19/04/2021;2008
32;HDF;60;2;19/04/2021;15645
32;HDF;60;1;26/04/2021;998
32;HDF;60;2;26/04/2021;11941
28;NOR;61;1;18/01/2021;3145
28;NOR;61;2;18/01/2021;4
28;NOR;61;1;25/01/2021;2653
28;NOR;61;2;25/01/2021;86
28;NOR;61;1;01/02/2021;2085
28;NOR;61;2;01/02/2021;647
28;NOR;61;1;08/02/2021;1238
28;NOR;61;2;08/02/2021;2032
28;NOR;61;1;15/02/2021;371
28;NOR;61;2;15/02/2021;2997
28;NOR;61;1;22/02/2021;111
28;NOR;61;2;22/02/2021;2526
28;NOR;61;1;01/03/2021;772
28;NOR;61;2;01/03/2021;1981
28;NOR;61;1;08/03/2021;2988
28;NOR;61;2;08/03/2021;809
28;NOR;61;1;15/03/2021;3384
28;NOR;61;2;15/03/2021;78
28;NOR;61;1;22/03/2021;4985
28;NOR;61;2;22/03/2021;61
28;NOR;61;1;29/03/2021;5671
28;NOR;61;2;29/03/2021;773
28;NOR;61;1;05/04/2021;4084
28;NOR;61;2;05/04/2021;3109
28;NOR;61;1;12/04/2021;2022
28;NOR;61;2;12/04/2021;3576
28;NOR;61;1;19/04/2021;224
28;NOR;61;2;19/04/2021;5325
28;NOR;61;1;26/04/2021;58
28;NOR;61;2;26/04/2021;5346
32;HDF;62;1;18/01/2021;7180
32;HDF;62;2;18/01/2021;2
32;HDF;62;1;25/01/2021;3699
32;HDF;62;2;25/01/2021;612
32;HDF;62;1;01/02/2021;194
32;HDF;62;2;01/02/2021;2334
32;HDF;62;1;08/02/2021;1784
32;HDF;62;2;08/02/2021;4321
32;HDF;62;1;15/02/2021;4538
32;HDF;62;2;15/02/2021;6788
32;HDF;62;1;22/02/2021;6473
32;HDF;62;2;22/02/2021;2919
32;HDF;62;1;01/03/2021;21844
32;HDF;62;2;01/03/2021;378
32;HDF;62;1;08/03/2021;27180
32;HDF;62;2;08/03/2021;1669
32;HDF;62;1;15/03/2021;29811
32;HDF;62;2;15/03/2021;3258
32;HDF;62;1;22/03/2021;28268
32;HDF;62;2;22/03/2021;4798
32;HDF;62;1;29/03/2021;18778
32;HDF;62;2;29/03/2021;15978
32;HDF;62;1;05/04/2021;4064
32;HDF;62;2;05/04/2021;27720
32;HDF;62;1;12/04/2021;2660
32;HDF;62;2;12/04/2021;28114
32;HDF;62;1;19/04/2021;1041
32;HDF;62;2;19/04/2021;29588
32;HDF;62;1;26/04/2021;1056
32;HDF;62;2;26/04/2021;16225
84;ARA;63;1;18/01/2021;3542
84;ARA;63;1;25/01/2021;3763
84;ARA;63;2;25/01/2021;299
84;ARA;63;1;01/02/2021;3136
84;ARA;63;2;01/02/2021;1047
84;ARA;63;1;08/02/2021;2837
84;ARA;63;2;08/02/2021;1326
84;ARA;63;1;15/02/2021;1057
84;ARA;63;2;15/02/2021;3023
84;ARA;63;1;22/02/2021;1229
84;ARA;63;2;22/02/2021;3195
84;ARA;63;1;01/03/2021;3554
84;ARA;63;2;01/03/2021;2867
84;ARA;63;1;08/03/2021;4457
84;ARA;63;2;08/03/2021;2469
84;ARA;63;1;15/03/2021;8247
84;ARA;63;2;15/03/2021;1008
84;ARA;63;1;22/03/2021;11914
84;ARA;63;2;22/03/2021;703
84;ARA;63;1;29/03/2021;9920
84;ARA;63;2;29/03/2021;2397
84;ARA;63;1;05/04/2021;4956
84;ARA;63;2;05/04/2021;3257
84;ARA;63;1;12/04/2021;1898
84;ARA;63;2;12/04/2021;8403
84;ARA;63;1;19/04/2021;564
84;ARA;63;2;19/04/2021;11791
84;ARA;63;1;26/04/2021;660
84;ARA;63;2;26/04/2021;10614
75;NAQ;64;1;18/01/2021;4047
75;NAQ;64;2;18/01/2021;2
75;NAQ;64;1;25/01/2021;4095
75;NAQ;64;2;25/01/2021;414
75;NAQ;64;1;01/02/2021;3837
75;NAQ;64;2;01/02/2021;776
75;NAQ;64;1;08/02/2021;3427
75;NAQ;64;2;08/02/2021;1383
75;NAQ;64;1;15/02/2021;875
75;NAQ;64;2;15/02/2021;4076
75;NAQ;64;1;22/02/2021;3116
75;NAQ;64;2;22/02/2021;3970
75;NAQ;64;1;01/03/2021;4660
75;NAQ;64;2;01/03/2021;3925
75;NAQ;64;1;08/03/2021;7034
75;NAQ;64;2;08/03/2021;3401
75;NAQ;64;1;15/03/2021;13048
75;NAQ;64;2;15/03/2021;819
75;NAQ;64;1;22/03/2021;14154
75;NAQ;64;2;22/03/2021;2991
75;NAQ;64;1;29/03/2021;14287
75;NAQ;64;2;29/03/2021;3612
75;NAQ;64;1;05/04/2021;11047
75;NAQ;64;2;05/04/2021;6311
75;NAQ;64;1;12/04/2021;3228
75;NAQ;64;2;12/04/2021;12572
75;NAQ;64;1;19/04/2021;1408
75;NAQ;64;2;19/04/2021;13080
75;NAQ;64;1;26/04/2021;339
75;NAQ;64;2;26/04/2021;13054
76;OCC;65;1;18/01/2021;553
76;OCC;65;2;18/01/2021;1
76;OCC;65;1;25/01/2021;1159
76;OCC;65;2;25/01/2021;55
76;OCC;65;1;01/02/2021;1179
76;OCC;65;2;01/02/2021;794
76;OCC;65;1;08/02/2021;1224
76;OCC;65;2;08/02/2021;1179
76;OCC;65;1;15/02/2021;755
76;OCC;65;2;15/02/2021;2299
76;OCC;65;1;22/02/2021;605
76;OCC;65;2;22/02/2021;2430
76;OCC;65;1;01/03/2021;2458
76;OCC;65;2;01/03/2021;1709
76;OCC;65;1;08/03/2021;1893
76;OCC;65;2;08/03/2021;1209
76;OCC;65;1;15/03/2021;2788
76;OCC;65;2;15/03/2021;659
76;OCC;65;1;22/03/2021;4123
76;OCC;65;2;22/03/2021;584
76;OCC;65;1;29/03/2021;5228
76;OCC;65;2;29/03/2021;1479
76;OCC;65;1;05/04/2021;4349
76;OCC;65;2;05/04/2021;1623
76;OCC;65;1;12/04/2021;4944
76;OCC;65;2;12/04/2021;2850
76;OCC;65;1;19/04/2021;2911
76;OCC;65;2;19/04/2021;4462
76;OCC;65;1;26/04/2021;18
76;OCC;65;2;26/04/2021;4474
76;OCC;66;1;18/01/2021;3445
76;OCC;66;2;18/01/2021;47
76;OCC;66;1;25/01/2021;4061
76;OCC;66;2;25/01/2021;324
76;OCC;66;1;01/02/2021;3518
76;OCC;66;2;01/02/2021;1021
76;OCC;66;1;08/02/2021;2932
76;OCC;66;2;08/02/2021;2133
76;OCC;66;1;15/02/2021;1866
76;OCC;66;2;15/02/2021;3649
76;OCC;66;1;22/02/2021;2003
76;OCC;66;2;22/02/2021;3559
76;OCC;66;1;01/03/2021;2390
76;OCC;66;2;01/03/2021;3341
76;OCC;66;1;08/03/2021;3530
76;OCC;66;2;08/03/2021;2623
76;OCC;66;1;15/03/2021;4574
76;OCC;66;2;15/03/2021;1679
76;OCC;66;1;22/03/2021;5677
76;OCC;66;2;22/03/2021;1854
76;OCC;66;1;29/03/2021;6742
76;OCC;66;2;29/03/2021;1225
76;OCC;66;1;05/04/2021;3450
76;OCC;66;2;05/04/2021;2909
76;OCC;66;1;12/04/2021;3606
76;OCC;66;2;12/04/2021;4896
76;OCC;66;1;19/04/2021;1689
76;OCC;66;2;19/04/2021;6030
76;OCC;66;1;26/04/2021;1388
76;OCC;66;2;26/04/2021;6034
44;GES;67;1;18/01/2021;6576
44;GES;67;2;18/01/2021;9
44;GES;67;1;25/01/2021;4031
44;GES;67;2;25/01/2021;602
44;GES;67;1;01/02/2021;5979
44;GES;67;2;01/02/2021;1863
44;GES;67;1;08/02/2021;5527
44;GES;67;2;08/02/2021;2833
44;GES;67;1;15/02/2021;4076
44;GES;67;2;15/02/2021;5629
44;GES;67;1;22/02/2021;4059
44;GES;67;2;22/02/2021;4886
44;GES;67;1;01/03/2021;3578
44;GES;67;2;01/03/2021;5982
44;GES;67;1;08/03/2021;6384
44;GES;67;2;08/03/2021;4856
44;GES;67;1;15/03/2021;9557
44;GES;67;2;15/03/2021;3012
44;GES;67;1;22/03/2021;12918
44;GES;67;2;22/03/2021;2248
44;GES;67;1;29/03/2021;13632
44;GES;67;2;29/03/2021;2177
44;GES;67;1;05/04/2021;12930
44;GES;67;2;05/04/2021;4666
44;GES;67;1;12/04/2021;10720
44;GES;67;2;12/04/2021;9745
44;GES;67;1;19/04/2021;6855
44;GES;67;2;19/04/2021;13975
44;GES;67;1;26/04/2021;6570
44;GES;67;2;26/04/2021;12877
44;GES;68;1;18/01/2021;2935
44;GES;68;1;25/01/2021;4444
44;GES;68;2;25/01/2021;694
44;GES;68;1;01/02/2021;4301
44;GES;68;2;01/02/2021;518
44;GES;68;1;08/02/2021;5327
44;GES;68;2;08/02/2021;288
44;GES;68;1;15/02/2021;3004
44;GES;68;2;15/02/2021;2586
44;GES;68;1;22/02/2021;2636
44;GES;68;2;22/02/2021;4481
44;GES;68;1;01/03/2021;7055
44;GES;68;2;01/03/2021;4363
44;GES;68;1;08/03/2021;7928
44;GES;68;2;08/03/2021;4902
44;GES;68;1;15/03/2021;9340
44;GES;68;2;15/03/2021;2766
44;GES;68;1;22/03/2021;10256
44;GES;68;2;22/03/2021;2525
44;GES;68;1;29/03/2021;6668
44;GES;68;2;29/03/2021;4758
44;GES;68;1;05/04/2021;6374
44;GES;68;2;05/04/2021;7948
44;GES;68;1;12/04/2021;6140
44;GES;68;2;12/04/2021;9664
44;GES;68;1;19/04/2021;2395
44;GES;68;2;19/04/2021;10130
44;GES;68;1;26/04/2021;1273
44;GES;68;2;26/04/2021;6262
84;ARA;69;1;18/01/2021;10530
84;ARA;69;2;18/01/2021;7
84;ARA;69;1;25/01/2021;10600
84;ARA;69;2;25/01/2021;863
84;ARA;69;1;01/02/2021;3840
84;ARA;69;2;01/02/2021;2189
84;ARA;69;1;08/02/2021;5988
84;ARA;69;2;08/02/2021;5758
84;ARA;69;1;15/02/2021;3568
84;ARA;69;2;15/02/2021;11681
84;ARA;69;1;22/02/2021;3423
84;ARA;69;2;22/02/2021;10387
84;ARA;69;1;01/03/2021;13025
84;ARA;69;2;01/03/2021;4230
84;ARA;69;1;08/03/2021;17583
84;ARA;69;2;08/03/2021;3876
84;ARA;69;1;15/03/2021;21675
84;ARA;69;2;15/03/2021;1716
84;ARA;69;1;22/03/2021;22438
84;ARA;69;2;22/03/2021;2858
84;ARA;69;1;29/03/2021;23920
84;ARA;69;2;29/03/2021;11749
84;ARA;69;1;05/04/2021;18933
84;ARA;69;2;05/04/2021;17011
84;ARA;69;1;12/04/2021;10454
84;ARA;69;2;12/04/2021;23464
84;ARA;69;1;19/04/2021;6915
84;ARA;69;2;19/04/2021;23225
84;ARA;69;1;26/04/2021;2906
84;ARA;69;2;26/04/2021;26162
27;BFC;70;1;18/01/2021;1399
27;BFC;70;1;25/01/2021;1424
27;BFC;70;1;01/02/2021;1471
27;BFC;70;2;01/02/2021;20
27;BFC;70;1;08/02/2021;880
27;BFC;70;2;08/02/2021;1298
27;BFC;70;1;15/02/2021;737
27;BFC;70;2;15/02/2021;856
27;BFC;70;1;22/02/2021;214
27;BFC;70;2;22/02/2021;1111
27;BFC;70;1;01/03/2021;1819
27;BFC;70;2;01/03/2021;1281
27;BFC;70;1;08/03/2021;2282
27;BFC;70;2;08/03/2021;883
27;BFC;70;1;15/03/2021;3219
27;BFC;70;2;15/03/2021;708
27;BFC;70;1;22/03/2021;4549
27;BFC;70;2;22/03/2021;711
27;BFC;70;1;29/03/2021;2982
27;BFC;70;2;29/03/2021;1748
27;BFC;70;1;05/04/2021;2005
27;BFC;70;2;05/04/2021;2244
27;BFC;70;1;12/04/2021;1696
27;BFC;70;2;12/04/2021;3338
27;BFC;70;1;19/04/2021;1045
27;BFC;70;2;19/04/2021;4357
27;BFC;70;1;26/04/2021;1357
27;BFC;70;2;26/04/2021;2667
27;BFC;71;1;18/01/2021;4700
27;BFC;71;1;25/01/2021;4375
27;BFC;71;2;25/01/2021;194
27;BFC;71;1;01/02/2021;3810
27;BFC;71;2;01/02/2021;873
27;BFC;71;1;08/02/2021;1603
27;BFC;71;2;08/02/2021;3375
27;BFC;71;1;15/02/2021;1413
27;BFC;71;2;15/02/2021;3703
27;BFC;71;1;22/02/2021;1367
27;BFC;71;2;22/02/2021;3220
27;BFC;71;1;01/03/2021;5578
27;BFC;71;2;01/03/2021;2942
27;BFC;71;1;08/03/2021;6390
27;BFC;71;2;08/03/2021;2057
27;BFC;71;1;15/03/2021;8728
27;BFC;71;2;15/03/2021;984
27;BFC;71;1;22/03/2021;10204
27;BFC;71;2;22/03/2021;1323
27;BFC;71;1;29/03/2021;6426
27;BFC;71;2;29/03/2021;5507
27;BFC;71;1;05/04/2021;5481
27;BFC;71;2;05/04/2021;5921
27;BFC;71;1;12/04/2021;3927
27;BFC;71;2;12/04/2021;8711
27;BFC;71;1;19/04/2021;2949
27;BFC;71;2;19/04/2021;10173
27;BFC;71;1;26/04/2021;3107
27;BFC;71;2;26/04/2021;6313
52;PDL;72;1;18/01/2021;1642
52;PDL;72;2;18/01/2021;4
52;PDL;72;1;25/01/2021;2699
52;PDL;72;2;25/01/2021;165
52;PDL;72;1;01/02/2021;2366
52;PDL;72;2;01/02/2021;475
52;PDL;72;1;08/02/2021;2248
52;PDL;72;2;08/02/2021;757
52;PDL;72;1;15/02/2021;1327
52;PDL;72;2;15/02/2021;2077
52;PDL;72;1;22/02/2021;1405
52;PDL;72;2;22/02/2021;2631
52;PDL;72;1;01/03/2021;1962
52;PDL;72;2;01/03/2021;2355
52;PDL;72;1;08/03/2021;1929
52;PDL;72;2;08/03/2021;2072
52;PDL;72;1;15/03/2021;4512
52;PDL;72;2;15/03/2021;1101
52;PDL;72;1;22/03/2021;5585
52;PDL;72;2;22/03/2021;1284
52;PDL;72;1;29/03/2021;6508
52;PDL;72;2;29/03/2021;1332
52;PDL;72;1;05/04/2021;4620
52;PDL;72;2;05/04/2021;1705
52;PDL;72;1;12/04/2021;2406
52;PDL;72;2;12/04/2021;4661
52;PDL;72;1;19/04/2021;1067
52;PDL;72;2;19/04/2021;5667
52;PDL;72;1;26/04/2021;898
52;PDL;72;2;26/04/2021;6436
84;ARA;73;1;18/01/2021;2973
84;ARA;73;1;25/01/2021;3629
84;ARA;73;2;25/01/2021;83
84;ARA;73;1;01/02/2021;3181
84;ARA;73;2;01/02/2021;873
84;ARA;73;1;08/02/2021;2989
84;ARA;73;2;08/02/2021;1094
84;ARA;73;1;15/02/2021;1561
84;ARA;73;2;15/02/2021;2996
84;ARA;73;1;22/02/2021;1195
84;ARA;73;2;22/02/2021;3519
84;ARA;73;1;01/03/2021;2022
84;ARA;73;2;01/03/2021;2849
84;ARA;73;1;08/03/2021;2228
84;ARA;73;2;08/03/2021;2441
84;ARA;73;1;15/03/2021;4822
84;ARA;73;2;15/03/2021;1074
84;ARA;73;1;22/03/2021;5172
84;ARA;73;2;22/03/2021;1044
84;ARA;73;1;29/03/2021;6527
84;ARA;73;2;29/03/2021;1204
84;ARA;73;1;05/04/2021;3820
84;ARA;73;2;05/04/2021;1892
84;ARA;73;1;12/04/2021;1414
84;ARA;73;2;12/04/2021;4656
84;ARA;73;1;19/04/2021;632
84;ARA;73;2;19/04/2021;5270
84;ARA;73;1;26/04/2021;536
84;ARA;73;2;26/04/2021;5685
84;ARA;74;1;18/01/2021;4221
84;ARA;74;2;18/01/2021;5
84;ARA;74;1;25/01/2021;4183
84;ARA;74;2;25/01/2021;99
84;ARA;74;1;01/02/2021;3288
84;ARA;74;2;01/02/2021;878
84;ARA;74;1;08/02/2021;3375
84;ARA;74;2;08/02/2021;2188
84;ARA;74;1;15/02/2021;1422
84;ARA;74;2;15/02/2021;3924
84;ARA;74;1;22/02/2021;728
84;ARA;74;2;22/02/2021;3953
84;ARA;74;1;01/03/2021;3417
84;ARA;74;2;01/03/2021;3258
84;ARA;74;1;08/03/2021;6478
84;ARA;74;2;08/03/2021;3052
84;ARA;74;1;15/03/2021;9072
84;ARA;74;2;15/03/2021;842
84;ARA;74;1;22/03/2021;12097
84;ARA;74;2;22/03/2021;872
84;ARA;74;1;29/03/2021;12828
84;ARA;74;2;29/03/2021;3351
84;ARA;74;1;05/04/2021;7807
84;ARA;74;2;05/04/2021;5189
84;ARA;74;1;12/04/2021;4065
84;ARA;74;2;12/04/2021;8753
84;ARA;74;1;19/04/2021;1334
84;ARA;74;2;19/04/2021;12163
84;ARA;74;1;26/04/2021;2102
84;ARA;74;2;26/04/2021;11476
11;IDF;75;1;18/01/2021;13697
11;IDF;75;2;18/01/2021;114
11;IDF;75;1;25/01/2021;10580
11;IDF;75;2;25/01/2021;1910
11;IDF;75;1;01/02/2021;9595
11;IDF;75;2;01/02/2021;5763
11;IDF;75;1;08/02/2021;8656
11;IDF;75;2;08/02/2021;6157
11;IDF;75;1;15/02/2021;3039
11;IDF;75;2;15/02/2021;13194
11;IDF;75;1;22/02/2021;4198
11;IDF;75;2;22/02/2021;10714
11;IDF;75;1;01/03/2021;28822
11;IDF;75;2;01/03/2021;9644
11;IDF;75;1;08/03/2021;23617
11;IDF;75;2;08/03/2021;7406
11;IDF;75;1;15/03/2021;26245
11;IDF;75;2;15/03/2021;2079
11;IDF;75;1;22/03/2021;32613
11;IDF;75;2;22/03/2021;3218
11;IDF;75;1;29/03/2021;23416
11;IDF;75;2;29/03/2021;21049
11;IDF;75;1;05/04/2021;14621
11;IDF;75;2;05/04/2021;18910
11;IDF;75;1;12/04/2021;2752
11;IDF;75;2;12/04/2021;26980
11;IDF;75;1;19/04/2021;893
11;IDF;75;2;19/04/2021;29234
11;IDF;75;1;26/04/2021;1495
11;IDF;75;2;26/04/2021;20023
28;NOR;76;1;18/01/2021;6677
28;NOR;76;2;18/01/2021;5
28;NOR;76;1;25/01/2021;6015
28;NOR;76;2;25/01/2021;1243
28;NOR;76;1;01/02/2021;4440
28;NOR;76;2;01/02/2021;3338
28;NOR;76;1;08/02/2021;4987
28;NOR;76;2;08/02/2021;4614
28;NOR;76;1;15/02/2021;2211
28;NOR;76;2;15/02/2021;6213
28;NOR;76;1;22/02/2021;1686
28;NOR;76;2;22/02/2021;5728
28;NOR;76;1;01/03/2021;7371
28;NOR;76;2;01/03/2021;4506
28;NOR;76;1;08/03/2021;13145
28;NOR;76;2;08/03/2021;4173
28;NOR;76;1;15/03/2021;15191
28;NOR;76;2;15/03/2021;1111
28;NOR;76;1;22/03/2021;22972
28;NOR;76;2;22/03/2021;1360
28;NOR;76;1;29/03/2021;18103
28;NOR;76;2;29/03/2021;7179
28;NOR;76;1;05/04/2021;10867
28;NOR;76;2;05/04/2021;12063
28;NOR;76;1;12/04/2021;4515
28;NOR;76;2;12/04/2021;15796
28;NOR;76;1;19/04/2021;1421
28;NOR;76;2;19/04/2021;22518
28;NOR;76;1;26/04/2021;1210
28;NOR;76;2;26/04/2021;17266
11;IDF;77;1;18/01/2021;4876
11;IDF;77;2;18/01/2021;2
11;IDF;77;1;25/01/2021;4216
11;IDF;77;2;25/01/2021;16
11;IDF;77;1;01/02/2021;3963
11;IDF;77;2;01/02/2021;2038
11;IDF;77;1;08/02/2021;2669
11;IDF;77;2;08/02/2021;3582
11;IDF;77;1;15/02/2021;1837
11;IDF;77;2;15/02/2021;3699
11;IDF;77;1;22/02/2021;1448
11;IDF;77;2;22/02/2021;4141
11;IDF;77;1;01/03/2021;11159
11;IDF;77;2;01/03/2021;3976
11;IDF;77;1;08/03/2021;9309
11;IDF;77;2;08/03/2021;2309
11;IDF;77;1;15/03/2021;11405
11;IDF;77;2;15/03/2021;1267
11;IDF;77;1;22/03/2021;15396
11;IDF;77;2;22/03/2021;1493
11;IDF;77;1;29/03/2021;10557
11;IDF;77;2;29/03/2021;8218
11;IDF;77;1;05/04/2021;4079
11;IDF;77;2;05/04/2021;9401
11;IDF;77;1;12/04/2021;693
11;IDF;77;2;12/04/2021;11720
11;IDF;77;1;19/04/2021;645
11;IDF;77;2;19/04/2021;15786
11;IDF;77;1;26/04/2021;191
11;IDF;77;2;26/04/2021;8275
11;IDF;78;1;18/01/2021;5602
11;IDF;78;2;18/01/2021;41
11;IDF;78;1;25/01/2021;5342
11;IDF;78;2;25/01/2021;57
11;IDF;78;1;01/02/2021;4909
11;IDF;78;2;01/02/2021;1106
11;IDF;78;1;08/02/2021;5230
11;IDF;78;2;08/02/2021;2356
11;IDF;78;1;15/02/2021;1879
11;IDF;78;2;15/02/2021;5764
11;IDF;78;1;22/02/2021;2122
11;IDF;78;2;22/02/2021;5086
11;IDF;78;1;01/03/2021;11401
11;IDF;78;2;01/03/2021;4801
11;IDF;78;1;08/03/2021;9570
11;IDF;78;2;08/03/2021;4046
11;IDF;78;1;15/03/2021;15045
11;IDF;78;2;15/03/2021;1212
11;IDF;78;1;22/03/2021;18986
11;IDF;78;2;22/03/2021;1643
11;IDF;78;1;29/03/2021;18176
11;IDF;78;2;29/03/2021;7965
11;IDF;78;1;05/04/2021;2030
11;IDF;78;2;05/04/2021;9739
11;IDF;78;1;12/04/2021;85
11;IDF;78;2;12/04/2021;14771
11;IDF;78;1;19/04/2021;49
11;IDF;78;2;19/04/2021;19228
11;IDF;78;1;26/04/2021;30
11;IDF;78;2;26/04/2021;17603
75;NAQ;79;1;18/01/2021;2593
75;NAQ;79;2;18/01/2021;3
75;NAQ;79;1;25/01/2021;2107
75;NAQ;79;2;25/01/2021;151
75;NAQ;79;1;01/02/2021;1435
75;NAQ;79;2;01/02/2021;443
75;NAQ;79;1;08/02/2021;1580
75;NAQ;79;2;08/02/2021;1139
75;NAQ;79;1;15/02/2021;1383
75;NAQ;79;2;15/02/2021;2400
75;NAQ;79;1;22/02/2021;879
75;NAQ;79;2;22/02/2021;2090
75;NAQ;79;1;01/03/2021;1470
75;NAQ;79;2;01/03/2021;1727
75;NAQ;79;1;08/03/2021;2721
75;NAQ;79;2;08/03/2021;1277
75;NAQ;79;1;15/03/2021;2486
75;NAQ;79;2;15/03/2021;1143
75;NAQ;79;1;22/03/2021;5471
75;NAQ;79;2;22/03/2021;594
75;NAQ;79;1;29/03/2021;10195
75;NAQ;79;2;29/03/2021;1286
75;NAQ;79;1;05/04/2021;5606
75;NAQ;79;2;05/04/2021;2464
75;NAQ;79;1;12/04/2021;1514
75;NAQ;79;2;12/04/2021;2504
75;NAQ;79;1;19/04/2021;27
75;NAQ;79;2;19/04/2021;5608
75;NAQ;79;1;26/04/2021;16
75;NAQ;79;2;26/04/2021;10268
32;HDF;80;1;18/01/2021;3703
32;HDF;80;2;18/01/2021;25
32;HDF;80;1;25/01/2021;2887
32;HDF;80;2;25/01/2021;357
32;HDF;80;1;01/02/2021;782
32;HDF;80;2;01/02/2021;1474
32;HDF;80;1;08/02/2021;2678
32;HDF;80;2;08/02/2021;1236
32;HDF;80;1;15/02/2021;2135
32;HDF;80;2;15/02/2021;3709
32;HDF;80;1;22/02/2021;1752
32;HDF;80;2;22/02/2021;2978
32;HDF;80;1;01/03/2021;7464
32;HDF;80;2;01/03/2021;803
32;HDF;80;1;08/03/2021;6102
32;HDF;80;2;08/03/2021;2603
32;HDF;80;1;15/03/2021;7142
32;HDF;80;2;15/03/2021;1348
32;HDF;80;1;22/03/2021;6560
32;HDF;80;2;22/03/2021;1852
32;HDF;80;1;29/03/2021;7277
32;HDF;80;2;29/03/2021;5950
32;HDF;80;1;05/04/2021;3134
32;HDF;80;2;05/04/2021;5900
32;HDF;80;1;12/04/2021;2009
32;HDF;80;2;12/04/2021;6603
32;HDF;80;1;19/04/2021;1003
32;HDF;80;2;19/04/2021;6176
32;HDF;80;1;26/04/2021;165
32;HDF;80;2;26/04/2021;5721
76;OCC;81;1;18/01/2021;2575
76;OCC;81;2;18/01/2021;52
76;OCC;81;1;25/01/2021;2446
76;OCC;81;2;25/01/2021;240
76;OCC;81;1;01/02/2021;2181
76;OCC;81;2;01/02/2021;495
76;OCC;81;1;08/02/2021;1956
76;OCC;81;2;08/02/2021;721
76;OCC;81;1;15/02/2021;1269
76;OCC;81;2;15/02/2021;2413
76;OCC;81;1;22/02/2021;1166
76;OCC;81;2;22/02/2021;2440
76;OCC;81;1;01/03/2021;1439
76;OCC;81;2;01/03/2021;2142
76;OCC;81;1;08/03/2021;2385
76;OCC;81;2;08/03/2021;1650
76;OCC;81;1;15/03/2021;3975
76;OCC;81;2;15/03/2021;943
76;OCC;81;1;22/03/2021;5669
76;OCC;81;2;22/03/2021;852
76;OCC;81;1;29/03/2021;12898
76;OCC;81;2;29/03/2021;1005
76;OCC;81;1;05/04/2021;2955
76;OCC;81;2;05/04/2021;2127
76;OCC;81;1;12/04/2021;339
76;OCC;81;2;12/04/2021;3974
76;OCC;81;1;19/04/2021;120
76;OCC;81;2;19/04/2021;5896
76;OCC;81;1;26/04/2021;61
76;OCC;81;2;26/04/2021;12660
76;OCC;82;1;18/01/2021;1702
76;OCC;82;2;18/01/2021;1
76;OCC;82;1;25/01/2021;1567
76;OCC;82;2;25/01/2021;32
76;OCC;82;1;01/02/2021;1705
76;OCC;82;2;01/02/2021;418
76;OCC;82;1;08/02/2021;756
76;OCC;82;2;08/02/2021;1478
76;OCC;82;1;15/02/2021;1456
76;OCC;82;2;15/02/2021;1459
76;OCC;82;1;22/02/2021;1431
76;OCC;82;2;22/02/2021;1519
76;OCC;82;1;01/03/2021;1316
76;OCC;82;2;01/03/2021;1493
76;OCC;82;1;08/03/2021;2133
76;OCC;82;2;08/03/2021;783
76;OCC;82;1;15/03/2021;1199
76;OCC;82;2;15/03/2021;1451
76;OCC;82;1;22/03/2021;2056
76;OCC;82;2;22/03/2021;1471
76;OCC;82;1;29/03/2021;4063
76;OCC;82;2;29/03/2021;1362
76;OCC;82;1;05/04/2021;4027
76;OCC;82;2;05/04/2021;1897
76;OCC;82;1;12/04/2021;3412
76;OCC;82;2;12/04/2021;1289
76;OCC;82;1;19/04/2021;1101
76;OCC;82;2;19/04/2021;2194
76;OCC;82;1;26/04/2021;288
76;OCC;82;2;26/04/2021;3677
93;PAC;83;1;18/01/2021;5273
93;PAC;83;2;18/01/2021;4
93;PAC;83;1;25/01/2021;6146
93;PAC;83;2;25/01/2021;14
93;PAC;83;1;01/02/2021;5817
93;PAC;83;2;01/02/2021;802
93;PAC;83;1;08/02/2021;5835
93;PAC;83;2;08/02/2021;1195
93;PAC;83;1;15/02/2021;2355
93;PAC;83;2;15/02/2021;5028
93;PAC;83;1;22/02/2021;2241
93;PAC;83;2;22/02/2021;5899
93;PAC;83;1;01/03/2021;6434
93;PAC;83;2;01/03/2021;5771
93;PAC;83;1;08/03/2021;9430
93;PAC;83;2;08/03/2021;5564
93;PAC;83;1;15/03/2021;15708
93;PAC;83;2;15/03/2021;2413
93;PAC;83;1;22/03/2021;20245
93;PAC;83;2;22/03/2021;2115
93;PAC;83;1;29/03/2021;18799
93;PAC;83;2;29/03/2021;4769
93;PAC;83;1;05/04/2021;11256
93;PAC;83;2;05/04/2021;9420
93;PAC;83;1;12/04/2021;6531
93;PAC;83;2;12/04/2021;15831
93;PAC;83;1;19/04/2021;3158
93;PAC;83;2;19/04/2021;20793
93;PAC;83;1;26/04/2021;2218
93;PAC;83;2;26/04/2021;16750
93;PAC;84;1;18/01/2021;3097
93;PAC;84;2;18/01/2021;21
93;PAC;84;1;25/01/2021;3628
93;PAC;84;2;25/01/2021;34
93;PAC;84;1;01/02/2021;3139
93;PAC;84;2;01/02/2021;649
93;PAC;84;1;08/02/2021;2493
93;PAC;84;2;08/02/2021;1996
93;PAC;84;1;15/02/2021;1572
93;PAC;84;2;15/02/2021;3451
93;PAC;84;1;22/02/2021;1641
93;PAC;84;2;22/02/2021;3451
93;PAC;84;1;01/03/2021;3448
93;PAC;84;2;01/03/2021;2905
93;PAC;84;1;08/03/2021;3836
93;PAC;84;2;08/03/2021;2192
93;PAC;84;1;15/03/2021;5671
93;PAC;84;2;15/03/2021;1350
93;PAC;84;1;22/03/2021;6712
93;PAC;84;2;22/03/2021;1495
93;PAC;84;1;29/03/2021;7783
93;PAC;84;2;29/03/2021;2096
93;PAC;84;1;05/04/2021;6932
93;PAC;84;2;05/04/2021;2995
93;PAC;84;1;12/04/2021;3807
93;PAC;84;2;12/04/2021;5232
93;PAC;84;1;19/04/2021;2828
93;PAC;84;2;19/04/2021;6673
93;PAC;84;1;26/04/2021;1785
93;PAC;84;2;26/04/2021;7738
52;PDL;85;1;18/01/2021;3387
52;PDL;85;2;18/01/2021;2
52;PDL;85;1;25/01/2021;1966
52;PDL;85;2;25/01/2021;6
52;PDL;85;1;01/02/2021;2723
52;PDL;85;2;01/02/2021;50
52;PDL;85;1;08/02/2021;2122
52;PDL;85;2;08/02/2021;1269
52;PDL;85;1;15/02/2021;1629
52;PDL;85;2;15/02/2021;2686
52;PDL;85;1;22/02/2021;2610
52;PDL;85;2;22/02/2021;1904
52;PDL;85;1;01/03/2021;3372
52;PDL;85;2;01/03/2021;2496
52;PDL;85;1;08/03/2021;5406
52;PDL;85;2;08/03/2021;2176
52;PDL;85;1;15/03/2021;6238
52;PDL;85;2;15/03/2021;1665
52;PDL;85;1;22/03/2021;7401
52;PDL;85;2;22/03/2021;2513
52;PDL;85;1;29/03/2021;8018
52;PDL;85;2;29/03/2021;3935
52;PDL;85;1;05/04/2021;8432
52;PDL;85;2;05/04/2021;4656
52;PDL;85;1;12/04/2021;6780
52;PDL;85;2;12/04/2021;6389
52;PDL;85;1;19/04/2021;4966
52;PDL;85;2;19/04/2021;7571
52;PDL;85;1;26/04/2021;3034
52;PDL;85;2;26/04/2021;7022
75;NAQ;86;1;18/01/2021;2981
75;NAQ;86;2;18/01/2021;5
75;NAQ;86;1;25/01/2021;2957
75;NAQ;86;2;25/01/2021;871
75;NAQ;86;1;01/02/2021;2322
75;NAQ;86;2;01/02/2021;1586
75;NAQ;86;1;08/02/2021;2200
75;NAQ;86;2;08/02/2021;1400
75;NAQ;86;1;15/02/2021;1030
75;NAQ;86;2;15/02/2021;2494
75;NAQ;86;1;22/02/2021;1007
75;NAQ;86;2;22/02/2021;2718
75;NAQ;86;1;01/03/2021;2582
75;NAQ;86;2;01/03/2021;2210
75;NAQ;86;1;08/03/2021;3104
75;NAQ;86;2;08/03/2021;2211
75;NAQ;86;1;15/03/2021;4109
75;NAQ;86;2;15/03/2021;995
75;NAQ;86;1;22/03/2021;4854
75;NAQ;86;2;22/03/2021;1307
75;NAQ;86;1;29/03/2021;3903
75;NAQ;86;2;29/03/2021;2814
75;NAQ;86;1;05/04/2021;2963
75;NAQ;86;2;05/04/2021;2830
75;NAQ;86;1;12/04/2021;1145
75;NAQ;86;2;12/04/2021;3919
75;NAQ;86;1;19/04/2021;1173
75;NAQ;86;2;19/04/2021;4801
75;NAQ;86;1;26/04/2021;1822
75;NAQ;86;2;26/04/2021;3688
75;NAQ;87;1;18/01/2021;2739
75;NAQ;87;2;18/01/2021;2
75;NAQ;87;1;25/01/2021;2642
75;NAQ;87;2;25/01/2021;285
75;NAQ;87;1;01/02/2021;1531
75;NAQ;87;2;01/02/2021;1205
75;NAQ;87;1;08/02/2021;971
75;NAQ;87;2;08/02/2021;1795
75;NAQ;87;1;15/02/2021;1538
75;NAQ;87;2;15/02/2021;1507
75;NAQ;87;1;22/02/2021;1635
75;NAQ;87;2;22/02/2021;2406
75;NAQ;87;1;01/03/2021;3473
75;NAQ;87;2;01/03/2021;1487
75;NAQ;87;1;08/03/2021;3720
75;NAQ;87;2;08/03/2021;916
75;NAQ;87;1;15/03/2021;3824
75;NAQ;87;2;15/03/2021;991
75;NAQ;87;1;22/03/2021;4433
75;NAQ;87;2;22/03/2021;1262
75;NAQ;87;1;29/03/2021;3485
75;NAQ;87;2;29/03/2021;2574
75;NAQ;87;1;05/04/2021;2254
75;NAQ;87;2;05/04/2021;3036
75;NAQ;87;1;12/04/2021;2568
75;NAQ;87;2;12/04/2021;3958
75;NAQ;87;1;19/04/2021;567
75;NAQ;87;2;19/04/2021;4369
75;NAQ;87;1;26/04/2021;245
75;NAQ;87;2;26/04/2021;3661
44;GES;88;1;18/01/2021;2307
44;GES;88;2;18/01/2021;1
44;GES;88;1;25/01/2021;1137
44;GES;88;2;25/01/2021;191
44;GES;88;1;01/02/2021;1908
44;GES;88;2;01/02/2021;1162
44;GES;88;1;08/02/2021;1875
44;GES;88;2;08/02/2021;1183
44;GES;88;1;15/02/2021;1898
44;GES;88;2;15/02/2021;1691
44;GES;88;1;22/02/2021;1679
44;GES;88;2;22/02/2021;1386
44;GES;88;1;01/03/2021;2930
44;GES;88;2;01/03/2021;2034
44;GES;88;1;08/03/2021;3002
44;GES;88;2;08/03/2021;1938
44;GES;88;1;15/03/2021;5272
44;GES;88;2;15/03/2021;1689
44;GES;88;1;22/03/2021;6648
44;GES;88;2;22/03/2021;1634
44;GES;88;1;29/03/2021;6627
44;GES;88;2;29/03/2021;2058
44;GES;88;1;05/04/2021;4173
44;GES;88;2;05/04/2021;2780
44;GES;88;1;12/04/2021;2412
44;GES;88;2;12/04/2021;5335
44;GES;88;1;19/04/2021;1095
44;GES;88;2;19/04/2021;6667
44;GES;88;1;26/04/2021;1001
44;GES;88;2;26/04/2021;5934
27;BFC;89;1;18/01/2021;1351
27;BFC;89;1;25/01/2021;1475
27;BFC;89;2;25/01/2021;67
27;BFC;89;1;01/02/2021;1136
27;BFC;89;2;01/02/2021;419
27;BFC;89;1;08/02/2021;966
27;BFC;89;2;08/02/2021;583
27;BFC;89;1;15/02/2021;692
27;BFC;89;2;15/02/2021;1848
27;BFC;89;1;22/02/2021;722
27;BFC;89;2;22/02/2021;1892
27;BFC;89;1;01/03/2021;2612
27;BFC;89;2;01/03/2021;1522
27;BFC;89;1;08/03/2021;3070
27;BFC;89;2;08/03/2021;1090
27;BFC;89;1;15/03/2021;4139
27;BFC;89;2;15/03/2021;777
27;BFC;89;1;22/03/2021;7345
27;BFC;89;2;22/03/2021;714
27;BFC;89;1;29/03/2021;6680
27;BFC;89;2;29/03/2021;2285
27;BFC;89;1;05/04/2021;3298
27;BFC;89;2;05/04/2021;2754
27;BFC;89;1;12/04/2021;1435
27;BFC;89;2;12/04/2021;4475
27;BFC;89;1;19/04/2021;605
27;BFC;89;2;19/04/2021;6878
27;BFC;89;1;26/04/2021;1085
27;BFC;89;2;26/04/2021;6195
27;BFC;90;1;18/01/2021;2372
27;BFC;90;1;25/01/2021;1705
27;BFC;90;2;25/01/2021;164
27;BFC;90;1;01/02/2021;1032
27;BFC;90;2;01/02/2021;580
27;BFC;90;1;08/02/2021;654
27;BFC;90;2;08/02/2021;404
27;BFC;90;1;15/02/2021;313
27;BFC;90;2;15/02/2021;1145
27;BFC;90;1;22/02/2021;193
27;BFC;90;2;22/02/2021;1768
27;BFC;90;1;01/03/2021;766
27;BFC;90;2;01/03/2021;1219
27;BFC;90;1;08/03/2021;1141
27;BFC;90;2;08/03/2021;425
27;BFC;90;1;15/03/2021;1150
27;BFC;90;2;15/03/2021;87
27;BFC;90;1;22/03/2021;2567
27;BFC;90;2;22/03/2021;65
27;BFC;90;1;29/03/2021;1973
27;BFC;90;2;29/03/2021;399
27;BFC;90;1;05/04/2021;914
27;BFC;90;2;05/04/2021;862
27;BFC;90;1;12/04/2021;900
27;BFC;90;2;12/04/2021;1270
27;BFC;90;1;19/04/2021;830
27;BFC;90;2;19/04/2021;2705
27;BFC;90;1;26/04/2021;392
27;BFC;90;2;26/04/2021;1960
11;IDF;91;1;18/01/2021;5645
11;IDF;91;2;18/01/2021;4
11;IDF;91;1;25/01/2021;4884
11;IDF;91;2;25/01/2021;39
11;IDF;91;1;01/02/2021;4744
11;IDF;91;2;01/02/2021;926
11;IDF;91;1;08/02/2021;3973
11;IDF;91;2;08/02/2021;1815
11;IDF;91;1;15/02/2021;1704
11;IDF;91;2;15/02/2021;5301
11;IDF;91;1;22/02/2021;2061
11;IDF;91;2;22/02/2021;4733
11;IDF;91;1;01/03/2021;11248
11;IDF;91;2;01/03/2021;4820
11;IDF;91;1;08/03/2021;10538
11;IDF;91;2;08/03/2021;3303
11;IDF;91;1;15/03/2021;11953
11;IDF;91;2;15/03/2021;1138
11;IDF;91;1;22/03/2021;14947
11;IDF;91;2;22/03/2021;2119
11;IDF;91;1;29/03/2021;10594
11;IDF;91;2;29/03/2021;10414
11;IDF;91;1;05/04/2021;6037
11;IDF;91;2;05/04/2021;9098
11;IDF;91;1;12/04/2021;2275
11;IDF;91;2;12/04/2021;11609
11;IDF;91;1;19/04/2021;793
11;IDF;91;2;19/04/2021;15455
11;IDF;91;1;26/04/2021;764
11;IDF;91;2;26/04/2021;8689
11;IDF;92;1;18/01/2021;5605
11;IDF;92;2;18/01/2021;4
11;IDF;92;1;25/01/2021;5483
11;IDF;92;2;25/01/2021;177
11;IDF;92;1;01/02/2021;5335
11;IDF;92;2;01/02/2021;200
11;IDF;92;1;08/02/2021;3277
11;IDF;92;2;08/02/2021;743
11;IDF;92;1;15/02/2021;1745
11;IDF;92;2;15/02/2021;5591
11;IDF;92;1;22/02/2021;1800
11;IDF;92;2;22/02/2021;5399
11;IDF;92;1;01/03/2021;11546
11;IDF;92;2;01/03/2021;5363
11;IDF;92;1;08/03/2021;11216
11;IDF;92;2;08/03/2021;3167
11;IDF;92;1;15/03/2021;16457
11;IDF;92;2;15/03/2021;1578
11;IDF;92;1;22/03/2021;19905
11;IDF;92;2;22/03/2021;1838
11;IDF;92;1;29/03/2021;16189
11;IDF;92;2;29/03/2021;11258
11;IDF;92;1;05/04/2021;3919
11;IDF;92;2;05/04/2021;9456
11;IDF;92;1;12/04/2021;845
11;IDF;92;2;12/04/2021;17156
11;IDF;92;1;19/04/2021;620
11;IDF;92;2;19/04/2021;19134
11;IDF;92;1;26/04/2021;305
11;IDF;92;2;26/04/2021;15726
11;IDF;93;1;18/01/2021;5313
11;IDF;93;2;18/01/2021;3
11;IDF;93;1;25/01/2021;5623
11;IDF;93;2;25/01/2021;70
11;IDF;93;1;01/02/2021;5737
11;IDF;93;2;01/02/2021;554
11;IDF;93;1;08/02/2021;4342
11;IDF;93;2;08/02/2021;1239
11;IDF;93;1;15/02/2021;2290
11;IDF;93;2;15/02/2021;5452
11;IDF;93;1;22/02/2021;2751
11;IDF;93;2;22/02/2021;5650
11;IDF;93;1;01/03/2021;16231
11;IDF;93;2;01/03/2021;5654
11;IDF;93;1;08/03/2021;13366
11;IDF;93;2;08/03/2021;4608
11;IDF;93;1;15/03/2021;17850
11;IDF;93;2;15/03/2021;2157
11;IDF;93;1;22/03/2021;21738
11;IDF;93;2;22/03/2021;2459
11;IDF;93;1;29/03/2021;14221
11;IDF;93;2;29/03/2021;11877
11;IDF;93;1;05/04/2021;6355
11;IDF;93;2;05/04/2021;12987
11;IDF;93;1;12/04/2021;1978
11;IDF;93;2;12/04/2021;17787
11;IDF;93;1;19/04/2021;595
11;IDF;93;2;19/04/2021;19434
11;IDF;93;1;26/04/2021;360
11;IDF;93;2;26/04/2021;12554
11;IDF;94;1;18/01/2021;3292
11;IDF;94;2;18/01/2021;4
11;IDF;94;1;25/01/2021;3815
11;IDF;94;2;25/01/2021;47
11;IDF;94;1;01/02/2021;3112
11;IDF;94;2;01/02/2021;352
11;IDF;94;1;08/02/2021;2682
11;IDF;94;2;08/02/2021;830
11;IDF;94;1;15/02/2021;1312
11;IDF;94;2;15/02/2021;3658
11;IDF;94;1;22/02/2021;1767
11;IDF;94;2;22/02/2021;3985
11;IDF;94;1;01/03/2021;7608
11;IDF;94;2;01/03/2021;3209
11;IDF;94;1;08/03/2021;7623
11;IDF;94;2;08/03/2021;2620
11;IDF;94;1;15/03/2021;11117
11;IDF;94;2;15/03/2021;1208
11;IDF;94;1;22/03/2021;13596
11;IDF;94;2;22/03/2021;1644
11;IDF;94;1;29/03/2021;12602
11;IDF;94;2;29/03/2021;7091
11;IDF;94;1;05/04/2021;5087
11;IDF;94;2;05/04/2021;8021
11;IDF;94;1;12/04/2021;1975
11;IDF;94;2;12/04/2021;11247
11;IDF;94;1;19/04/2021;1050
11;IDF;94;2;19/04/2021;13222
11;IDF;94;1;26/04/2021;672
11;IDF;94;2;26/04/2021;11550
11;IDF;95;1;18/01/2021;4563
11;IDF;95;2;18/01/2021;13
11;IDF;95;1;25/01/2021;4273
11;IDF;95;2;25/01/2021;300
11;IDF;95;1;01/02/2021;3598
11;IDF;95;2;01/02/2021;1614
11;IDF;95;1;08/02/2021;4285
11;IDF;95;2;08/02/2021;2023
11;IDF;95;1;15/02/2021;2199
11;IDF;95;2;15/02/2021;4902
11;IDF;95;1;22/02/2021;1903
11;IDF;95;2;22/02/2021;4773
11;IDF;95;1;01/03/2021;11209
11;IDF;95;2;01/03/2021;3749
11;IDF;95;1;08/03/2021;10215
11;IDF;95;2;08/03/2021;3464
11;IDF;95;1;15/03/2021;11881
11;IDF;95;2;15/03/2021;1502
11;IDF;95;1;22/03/2021;17673
11;IDF;95;2;22/03/2021;1651
11;IDF;95;1;29/03/2021;13570
11;IDF;95;2;29/03/2021;10026
11;IDF;95;1;05/04/2021;3976
11;IDF;95;2;05/04/2021;9181
11;IDF;95;1;12/04/2021;1965
11;IDF;95;2;12/04/2021;12744
11;IDF;95;1;19/04/2021;1038
11;IDF;95;2;19/04/2021;17540
11;IDF;95;1;26/04/2021;448
11;IDF;95;2;26/04/2021;12182
1;GDP;971;1;18/01/2021;304
1;GDP;971;1;25/01/2021;543
1;GDP;971;2;25/01/2021;24
1;GDP;971;1;01/02/2021;1007
1;GDP;971;2;01/02/2021;185
1;GDP;971;1;08/02/2021;952
1;GDP;971;2;08/02/2021;354
1;GDP;971;1;15/02/2021;552
1;GDP;971;2;15/02/2021;204
1;GDP;971;1;22/02/2021;1257
1;GDP;971;2;22/02/2021;640
1;GDP;971;1;01/03/2021;1287
1;GDP;971;2;01/03/2021;846
1;GDP;971;1;08/03/2021;1096
1;GDP;971;2;08/03/2021;958
1;GDP;971;1;15/03/2021;2009
1;GDP;971;2;15/03/2021;634
1;GDP;971;1;22/03/2021;1378
1;GDP;971;2;22/03/2021;1224
1;GDP;971;1;29/03/2021;1204
1;GDP;971;2;29/03/2021;1123
1;GDP;971;1;05/04/2021;1077
1;GDP;971;2;05/04/2021;1288
1;GDP;971;1;12/04/2021;620
1;GDP;971;2;12/04/2021;2013
1;GDP;971;1;19/04/2021;338
1;GDP;971;2;19/04/2021;1923
1;GDP;971;1;26/04/2021;99
1;GDP;971;2;26/04/2021;1298
2;MAR;972;1;18/01/2021;676
2;MAR;972;2;18/01/2021;14
2;MAR;972;1;25/01/2021;741
2;MAR;972;2;25/01/2021;88
2;MAR;972;1;01/02/2021;575
2;MAR;972;2;01/02/2021;318
2;MAR;972;1;08/02/2021;653
2;MAR;972;2;08/02/2021;424
2;MAR;972;1;15/02/2021;189
2;MAR;972;2;15/02/2021;373
2;MAR;972;1;22/02/2021;405
2;MAR;972;2;22/02/2021;817
2;MAR;972;1;01/03/2021;677
2;MAR;972;2;01/03/2021;614
2;MAR;972;1;08/03/2021;882
2;MAR;972;2;08/03/2021;469
2;MAR;972;1;15/03/2021;1224
2;MAR;972;2;15/03/2021;254
2;MAR;972;1;22/03/2021;1030
2;MAR;972;2;22/03/2021;469
2;MAR;972;1;29/03/2021;1768
2;MAR;972;2;29/03/2021;613
2;MAR;972;1;05/04/2021;696
2;MAR;972;2;05/04/2021;892
2;MAR;972;1;12/04/2021;329
2;MAR;972;2;12/04/2021;1109
2;MAR;972;1;19/04/2021;619
2;MAR;972;2;19/04/2021;1091
2;MAR;972;1;26/04/2021;682
2;MAR;972;2;26/04/2021;1368
3;GUY;973;1;18/01/2021;418
3;GUY;973;2;18/01/2021;3
3;GUY;973;1;25/01/2021;392
3;GUY;973;2;25/01/2021;3
3;GUY;973;1;01/02/2021;404
3;GUY;973;2;01/02/2021;39
3;GUY;973;1;08/02/2021;388
3;GUY;973;2;08/02/2021;240
3;GUY;973;1;15/02/2021;425
3;GUY;973;2;15/02/2021;438
3;GUY;973;1;22/02/2021;1011
3;GUY;973;2;22/02/2021;423
3;GUY;973;1;01/03/2021;1324
3;GUY;973;2;01/03/2021;399
3;GUY;973;1;08/03/2021;1395
3;GUY;973;2;08/03/2021;374
3;GUY;973;1;15/03/2021;1283
3;GUY;973;2;15/03/2021;564
3;GUY;973;1;22/03/2021;984
3;GUY;973;2;22/03/2021;1037
3;GUY;973;1;29/03/2021;1260
3;GUY;973;2;29/03/2021;1359
3;GUY;973;1;05/04/2021;1710
3;GUY;973;2;05/04/2021;1259
3;GUY;973;1;12/04/2021;2018
3;GUY;973;2;12/04/2021;1256
3;GUY;973;1;19/04/2021;1885
3;GUY;973;2;19/04/2021;978
3;GUY;973;1;26/04/2021;466
3;GUY;973;2;26/04/2021;781
4;REU;974;1;18/01/2021;299
4;REU;974;2;18/01/2021;2
4;REU;974;1;25/01/2021;1732
4;REU;974;2;25/01/2021;2
4;REU;974;1;01/02/2021;2650
4;REU;974;2;01/02/2021;23
4;REU;974;1;08/02/2021;3236
4;REU;974;2;08/02/2021;33
4;REU;974;1;15/02/2021;2571
4;REU;974;2;15/02/2021;661
4;REU;974;1;22/02/2021;2213
4;REU;974;2;22/02/2021;1298
4;REU;974;1;01/03/2021;2733
4;REU;974;2;01/03/2021;2042
4;REU;974;1;08/03/2021;2693
4;REU;974;2;08/03/2021;2672
4;REU;974;1;15/03/2021;3107
4;REU;974;2;15/03/2021;2230
4;REU;974;1;22/03/2021;3669
4;REU;974;2;22/03/2021;1869
4;REU;974;1;29/03/2021;3894
4;REU;974;2;29/03/2021;2089
4;REU;974;1;05/04/2021;4242
4;REU;974;2;05/04/2021;2140
4;REU;974;1;12/04/2021;4701
4;REU;974;2;12/04/2021;2332
4;REU;974;1;19/04/2021;1828
4;REU;974;2;19/04/2021;2877
4;REU;974;1;26/04/2021;770
4;REU;974;2;26/04/2021;2450
