date,numero,idx,pm25,no2,o3,pm10,co,so2,pm257davg,no27davg,o37davg,co7davg,pm107davg,so27davg,pm251Mavg,no21Mavg,o31Mavg,pm101Mavg,co1Mavg,so21Mavg,1MMaxpm25,1MMaxpm10,1MMaxo3,1MMaxno2,1MMaxco,1MMaxso2,hospi,newhospi,CovidPosTest,all_day_bing_tiles_visited_relative_change,all_day_ratio_single_tile_users,vac1nb,vac2nb,Insuffisance respiratoire chronique grave (ALD14),"Insuffisance cardiaque grave, troubles du rythme graves, cardiopathies valvulaires graves, cardiopathies cong√©nitales graves (ALD5)",Smokers,minority,pauvrete,rsa,ouvriers,Nb_susp_501Y_V1,Nb_susp_501Y_V2_3
2021-04-28,1,662412.0,5.1176024880448745,5.005551023324527,64.08343561600853,5.902860082077504,171.5320049198157,0.17713848641233665,8.49053103499213,3.927844489037397,72.08453876569797,10.386685950491211,163.92127591378602,0.47043245710900383,8.341832406269566,3.589785006062633,72.81238735542013,10.04717223598584,149.36323422905846,0.43573617619480454,17.316682943889276,6.201807876726698,99.06350402800476,19.450630129478096,200.45134856316082,2.8312492122027724,192.0,9.0,470.0,-0.12324,0.21357,81420.0,39975.0,2330,10080,0.262,54821.0,10.7,2.3,17.74,2162,28
2021-04-28,2,525739.0,11.26179762450706,6.661567744034097,63.99793070003018,12.661653983908053,167.95866013986532,0.6683130585550546,10.92461682409677,7.278249147881662,58.360776040299996,13.679348775365064,173.49992393211986,0.8251606997318571,7.754222657467914,4.189161745030945,64.86770248108168,9.741602796504987,151.4067934826793,0.9073176282051078,28.79295774890374,16.011216105531076,71.29936706605628,31.745905603398146,215.9801210631961,3.0733115992042594,296.0,19.0,480.0,-0.10124,0.20584,69104.0,41387.0,2260,10260,0.305,16197.0,18.9,7.5,17.95,2162,106
2021-04-28,3,331947.0,4.57583794039543,2.158122889327277,71.72712268731355,6.6988707485449135,144.56179454909528,0.1524836610723032,7.818241356378807,2.755794813116337,70.94228920360977,9.514194534540259,155.71911668517353,0.2948006383397049,6.10904905400781,2.1873954672158162,71.39386350040579,7.69748169139073,137.17958421578402,0.20729256664208798,16.961251074528576,5.16076692531851,88.96594002568042,18.127073317856862,193.0114834512792,0.6341902459658196,114.0,7.0,212.0,-0.12324,0.21357,60830.0,38275.0,2090,8140,0.262,10572.0,15.5,6.1,17.22,764,18
2021-04-28,4,165767.0,2.9369738653014394,1.3647288129262978,58.392038040304755,3.4864325633749784,115.25304822767286,0.0298476952963833,6.042611591813774,1.4886413967460475,75.25633135008064,6.8317513942794355,140.05890578034587,0.21106805172325646,5.8781879975582,1.443424704099655,71.41081409997794,6.9116049023269674,131.16391148086316,0.12102873597143857,13.54497210677512,2.868764649602687,90.37988580180723,14.253522959198925,178.72851108061374,1.1733339975136776,128.0,3.0,106.0,-0.16988,0.22466,25662.0,17867.0,1600,3740,0.321,8186.0,16.4,5.0,16.48,506,0
2021-04-28,5,140074.0,2.040384939746223,0.984277224985042,66.521783151811,2.339102187149125,112.78443869936295,0.034860718477122625,5.85780711264087,0.779243596913694,80.2023252151818,6.9401600457376675,128.33069440119,0.16781255597925657,5.414602845767132,0.9451584755422536,73.25970048869172,6.613001306543403,123.06023168404488,0.06691323210347244,13.949920188932149,1.9022973889330657,94.0565043469188,22.07956436626932,150.35342971006892,1.012602506186289,109.0,4.0,82.0,-0.16988,0.22466,23493.0,15031.0,1390,3410,0.321,4974.0,14.3,3.6,16.43,302,2
2021-04-28,6,1089447.0,3.708076084640537,4.025664188895233,60.16451936083681,4.257837872887337,127.31167268068904,0.07518382843615151,5.92685818486329,2.6372478138854794,72.46349540569915,6.951318445984844,142.59778515803904,0.1322304236584584,5.639679470629331,2.2380087413572953,69.41900808981809,6.748888334700613,135.66125843803792,0.08145095819754725,12.148448706252642,5.601400504290561,85.19308898121272,13.580481821563733,170.73285995125818,0.4011175978216501,497.0,9.0,406.0,-0.16988,0.22466,195901.0,118457.0,7350,24570,0.321,112469.0,15.7,4.2,16.82,1798,60
2021-04-28,7,327878.0,5.1016324575955165,2.0595186086187316,69.25158269570086,5.6619945232560775,143.82637439982642,0.3686113445166571,6.901379641094009,1.9697831075324974,81.06503844845051,8.38063190733478,148.1252280705722,0.29764580833087134,6.131151254230136,1.7468163227881044,76.317857080329,7.423729219634569,132.5678452399466,0.15150200430214328,17.222945298927456,3.524223828116445,102.1687240453022,18.113402013175726,188.4163084923572,0.9510472706861808,119.0,11.0,219.0,-0.12324,0.21357,51105.0,26647.0,2080,7840,0.262,10958.0,14.4,3.9,16.95,1002,34
2021-04-28,8,265213.0,12.734565831078445,4.931092108147396,66.39274598884789,15.526838831088849,159.07332746271578,0.5148101086412471,10.264538063602116,6.752838954097265,62.11581602147266,12.969630204507837,165.96738006607336,0.7775867040266626,7.768649179528067,4.194976296513897,66.95293487098249,10.202759558590367,143.87367218991096,0.8686243301358504,24.010494884248747,21.504387397476783,76.57523160195731,28.970343227963518,226.77345746189326,4.248690129626087,79.0,4.0,210.0,-0.09473,0.20656,42728.0,24198.0,1940,6220,0.301,10826.0,19.4,8.1,18.25,848,12
2021-04-28,9,153122.0,4.683790789553687,1.8557856683789185,73.84178623046327,5.4744037121290585,129.12172907031734,0.06714698304256991,6.0631825699605395,1.1871610383304345,74.1652224489953,7.931018714179866,131.1499095217342,0.1230974356756572,4.83284572088176,1.2407312351126314,69.82506713916376,6.249535605430569,119.48649590932817,0.06858128420109715,12.943541210111912,1.9022973889330657,83.48042581174509,21.801821805807123,148.09284957274025,0.29814039150172744,43.0,0.0,76.0,-0.17404,0.23094,30949.0,17555.0,1030,3340,0.303,7588.0,18.5,7.4,17.04,570,2
2021-04-28,10,310222.0,9.349781170746931,4.818209930239656,70.03993371537155,14.912703436755084,162.15957847298284,0.4501923000012523,9.472551280013281,4.574861351707311,61.84586048481567,12.010513931250397,165.35451709524807,0.5154417085794641,6.674238651406728,2.9653598214144017,67.08430833292806,8.748708511622407,144.05968261265315,0.4591285967967041,25.39240285702752,7.534257413445689,77.89835083262012,34.58783630861372,220.5002915529472,2.1349755422215635,138.0,6.0,220.0,-0.09473,0.20656,52238.0,31137.0,1160,5570,0.301,16220.0,16.2,6.6,17.02,1238,30
2021-04-28,11,377716.0,5.0165291918532855,2.8169021730226937,71.97949880665065,5.298790483669079,142.64286560237073,0.1115214591424755,6.268012746338914,1.9311096475206067,80.55651053249186,8.429667761658752,144.3665120979772,0.24188620522879625,5.998659003436199,1.5352200089931947,81.12454182050375,7.7932727666290615,131.1226727305346,0.17586375904449286,11.952553800458832,3.629807656592533,104.08150107334043,15.765618408541489,162.54558967974643,0.6472022593029827,150.0,7.0,261.0,-0.17404,0.23094,49540.0,28273.0,2010,7440,0.303,21431.0,21.1,8.8,15.63,1283,62
2021-04-28,12,279168.0,5.502387395513235,2.9283232628543936,69.67692782432735,6.4491079351990175,141.72986174065417,0.1553425943985637,6.560831679323528,1.388119256819357,81.80390051474858,8.05584485926286,142.81704226267797,0.19009232715906238,5.96377867337193,1.4045794911878,79.0621861058221,7.3404390552038254,128.49296757753993,0.14320372419714678,17.914517325444287,2.9283232628543936,112.87460240645358,23.738963357876074,198.4739738627296,0.4349559701283936,109.0,4.0,200.0,-0.17404,0.23094,53423.0,29954.0,1640,5650,0.303,9176.0,13.7,2.9,17.11,736,18
2021-04-28,13,2048660.0,10.429597433948855,12.539940421368355,63.70382513449069,13.063458706197475,146.40120943570258,3.0296474298060048,9.251170337703455,7.66231480423203,72.96709862946881,11.42614888030207,178.8364366138713,1.822538542961777,9.187011180546344,7.554755322453909,69.45019224132223,11.795252484222,167.77865369649834,1.918460408600041,22.16024006559932,22.93222410047539,94.19802104630465,24.26442313531762,330.52527505561517,7.314373916708982,1520.0,108.0,1980.0,-0.16988,0.22466,305414.0,167622.0,14860,43660,0.321,136885.0,18.5,8.3,16.77,9641,442
2021-04-28,14,692932.0,10.979828183908396,7.315031147851014,68.07202000571816,13.109777002485352,155.3234376219499,2.025606541619524,10.100675120190681,6.076465320901793,63.55906323358409,13.059547474616526,167.82989660633947,0.9204563944637854,10.514085284373719,4.9189066069128495,65.76219715522875,12.703869696068026,152.88051372825936,0.9823747647261492,25.438750398318945,14.430633222604675,82.03751555236497,30.78688260990493,220.47073126959825,2.466575066969696,255.0,25.0,462.0,-0.11281,0.20202,89838.0,47576.0,4080,14470,0.256,16068.0,12.6,4.1,17.16,1004,122
2021-04-28,15,143366.0,4.122906717031986,1.3031978051255406,70.31003395231849,5.223177081195222,123.26437802370369,0.05213804869846665,6.488744517298907,1.387190530679757,81.37705154853874,7.645038651341885,138.6957382322717,0.16602902946099768,5.6934874733410865,1.3040834957225738,76.6094658431556,6.959832019554988,124.36227076702532,0.08098687552134666,15.961931685114601,4.018131904279902,102.12874059552814,16.811403494064287,177.39693513839583,0.4875699918824374,46.0,3.0,78.0,-0.12324,0.21357,22107.0,15065.0,1130,3730,0.262,2135.0,13.4,3.2,16.49,390,14
2021-04-28,16,349158.0,10.433133167815104,3.6169865130060814,70.84219550143597,12.826462411233134,167.46337600842182,0.3559964814847064,7.631068879218137,2.869095118561482,71.83165805793568,9.027789201261216,158.976464109106,0.29999825943293135,6.727524814640116,2.5693194672728596,71.70478453515625,8.393528089433493,142.68504932772478,0.21933652412441784,14.426489600154731,5.185103654900331,93.21967123845148,14.870853758709767,187.58802500076698,0.7015592471287863,67.0,5.0,156.0,-0.1162,0.2,57176.0,29221.0,1550,6720,0.281,15055.0,14.9,6.4,17.29,438,34
2021-04-28,17,652541.0,8.408494278754514,2.853520933750384,73.88821151297967,9.668620074133699,157.9853375011076,0.19345086218357074,7.524953039680512,2.449951816390621,74.43275849858613,8.79625742574725,155.65504016741747,0.24137627558585206,6.737770256026529,2.0471829009810807,73.5769213283214,7.920347002601837,140.1246949167318,0.150496983680686,15.789994479745415,4.1688495259056335,95.93333693208858,16.67961205977464,185.1220642493737,0.636490716172062,137.0,28.0,250.0,-0.1162,0.2,116706.0,71284.0,2930,13990,0.281,15068.0,13.4,4.6,16.71,1178,64
2021-04-28,18,296919.0,8.015910492827162,3.3251569576486792,74.98822686633395,9.777365394525836,167.65326254449494,0.22316894493281367,7.690689998315692,2.7210036119921606,67.6601207786849,9.550219734183338,158.4046557650274,0.3436400924726892,5.550419488606612,1.9294905987589575,71.87351955016146,7.113927636664636,139.4108291871562,0.3149588436844293,18.33640256347311,5.143372684724267,81.77205090408931,19.326587656093842,200.94036363209926,0.7365861362997088,113.0,5.0,150.0,-0.09544,0.21683,46403.0,23868.0,1180,6520,0.28,10894.0,14.9,6.5,17.3,656,30
2021-04-28,19,239019.0,3.697065953890415,2.2314223999402683,70.70825867731396,5.24900314822537,139.11323210422358,0.09407520253871936,6.665394094501574,1.660742611400841,77.84745097225822,7.995455080935828,149.03849325004802,0.20171689991792938,5.8370334502161905,1.5376190499747895,72.3922998486482,8.045057529257424,133.1022098159761,0.11035500223499543,15.120212863749744,4.398154758498933,99.12670155381477,15.869218269242802,184.39680663196248,0.5044395090698919,62.0,5.0,90.0,-0.1162,0.2,35180.0,21063.0,960,5400,0.281,9589.0,13.2,2.7,16.88,630,14
2021-04-28,21,532266.0,8.150737368137014,2.262470814483996,77.25813096306345,8.376132353335317,172.2399545094304,0.16548610881291145,8.31943639195295,2.7424963147991446,73.85049801713299,10.162043747649975,156.42294501627353,0.4866912419553973,6.336720336347497,1.9258989583805088,74.6438217407889,7.716447917825242,137.41405028725055,0.37897374300910597,18.68585252105453,6.19700000826231,92.76850914910072,20.095004492076832,204.9182250179809,1.931713917623396,255.0,23.0,370.0,-0.08567000000000001,0.21497,59669.0,47401.0,2220,10380,0.28600000000000003,25659.0,11.6,3.5,17.32,2112,42
2021-04-28,22,599149.0,8.994822909803798,4.5281067043163326,74.06985562071176,13.20737962110048,158.79409648766432,0.8781321340466757,11.573472718885023,7.313245027460525,60.06147699725232,14.792522927024073,176.46238052828977,1.0954821961016197,7.285995503436601,3.5244197319203026,68.17728407267971,9.934293471215495,146.28356730839712,0.7388664950276284,32.92856648948243,26.50002458636561,77.68412301407258,47.48037126792698,234.659851568894,2.325058624163024,116.0,12.0,232.0,-0.11617,0.19843,117240.0,68177.0,3340,12240,0.265,15101.0,12.1,3.5,16.49,1200,22
2021-04-28,23,114490.0,5.086307127598892,1.6390401620119497,77.19253086259731,5.907577585012955,144.28925425003837,0.07111496971976736,7.29931362207105,2.0747971949918598,72.71900401759552,8.909449592242993,151.63021005577403,0.20341740420367949,6.253648195790517,1.775330418172971,73.0595595278097,8.054663119739807,136.08160047201028,0.1413298008616692,17.206343449803015,4.0875330897874615,94.31340886064328,18.021308915040983,191.1069611873959,0.4640836652482806,68.0,2.0,50.0,-0.1162,0.2,15629.0,10005.0,580,2730,0.281,4398.0,18.4,4.5,16.09,204,46
2021-04-28,24,410786.0,4.238660997751216,3.0142343046967888,73.99747487147931,5.984746588634707,151.70715873939378,0.2603496234036448,6.848157399791888,2.397861273430513,75.36501404526548,8.220372734893322,153.25424068667803,0.23679625569596457,5.964371158152088,2.0223500130827636,75.75865829110391,7.176557279722533,137.61193196484584,0.15634532605163132,14.674923345386725,4.732192693067061,100.79625327886991,16.108439789418235,178.02925607739164,0.5975836530115773,130.0,7.0,208.0,-0.1162,0.2,80872.0,41942.0,1640,9610,0.281,20945.0,16.5,5.0,16.49,1008,48
2021-04-28,25,543538.0,6.8853803714052155,4.5462775892795895,64.09540429633485,8.98012001434868,150.16380930144697,0.2371330271113065,8.415223668686826,3.7790865877291298,72.59531292222402,9.953873442619829,156.32568968305583,0.4676237388159285,8.05304794144449,2.7609304926842717,71.91298469108106,9.892211173419941,138.63090628100775,0.27494347016362386,15.803695918192412,6.255970702567406,94.64766731894093,16.61702406756411,201.1311622898796,1.768179610876182,131.0,13.0,472.0,-0.08567000000000001,0.21497,67783.0,43572.0,2170,9280,0.28600000000000003,28857.0,12.2,4.5,17.39,2620,118
2021-04-28,26,523191.0,3.3071412759463388,2.0039424011124405,61.67886774632806,3.5420084560163922,135.8546330307374,0.060882722444241415,7.512882263289455,2.078483578527408,77.09300100472711,8.897501831656946,154.03570451914197,0.3886980215412905,7.108901288482549,1.6870106486106868,76.36202123305536,7.97718316993091,140.9195214890623,0.33300956844487156,19.6642083907352,3.454636406876632,100.61768114149125,15.774321463015713,207.46421197884231,1.935725391334874,221.0,17.0,360.0,-0.12324,0.21357,79092.0,47431.0,2690,11380,0.262,24178.0,15.2,4.6,16.58,1498,32
2021-04-28,27,595218.0,10.16276681903059,6.5815536621510855,73.69478767394698,12.964820737154666,165.27733915328906,0.7001894482487161,10.087678910342737,6.634227278528609,60.855571939395695,12.762082467184989,171.9349587162885,0.8000778366608619,9.482092300454012,4.978915236559773,66.27005100226867,11.253154252761252,155.71493614410457,0.7407068896737377,19.819052995144308,13.223554125118413,79.63698419632183,25.84914903664885,240.40440328238125,1.9035440139011155,235.0,14.0,460.0,-0.11281,0.20202,82618.0,50169.0,3980,10990,0.256,20752.0,13.0,4.6,18.45,1166,52
2021-04-28,28,428333.0,9.305995129345263,4.247116741764808,71.71266758106401,13.319603869981707,165.8952489353172,0.4562869227950198,11.265910352864159,6.5876287918349705,61.42530251350513,14.462570218724295,171.5227603351385,0.7274654579444266,8.388147704212086,4.980184268038269,66.70129939448056,11.014979217371426,152.54092522136204,0.6222787864260539,41.36684367619585,18.285921170871998,74.22291686427252,50.413128861292144,248.12034545798332,2.308765851563899,228.0,14.0,210.0,-0.09544,0.21683,60064.0,29076.0,2590,7970,0.28,20575.0,12.2,4.0,18.0,1036,34
2021-04-28,29,914376.0,9.185277028299359,5.713468534027911,69.20651430719256,14.934112083169973,163.54118418362742,0.6163155864024796,9.37815502364031,5.063323652652638,61.313882546665226,12.048408019667278,166.42507172884595,0.5791792128189253,6.6745747175109935,3.51971074128847,66.3768241148046,8.960608496976704,145.89967306099354,0.5214398050775735,24.339824007035322,8.267221657537593,77.37061624358539,33.78378576897825,220.60387263275464,2.173810392988617,101.0,5.0,240.0,-0.11617,0.19843,136786.0,67018.0,4920,16560,0.265,19023.0,10.8,3.4,16.7,1110,34
2021-04-28,30,750776.0,4.739077109016503,4.424150582248907,56.593789265599604,5.635632530877851,157.97434712402102,0.2670933770193402,6.7969723620939995,2.9821241851456937,71.85981291160812,8.40518200997854,158.1943972548305,0.34561176809115324,6.624597450505604,2.5461417898325287,71.40887240561014,7.730870768460801,142.81444840495178,0.2096122875973235,15.905102976239922,6.388380144391675,89.57096800824198,19.893860830768933,187.94525380389146,1.916636182548521,285.0,22.0,561.0,-0.17404,0.23094,113047.0,66161.0,4910,15120,0.303,41765.0,19.8,8.5,16.6,3736,234
2021-04-28,31,1424864.0,2.8691035724097778,1.6430652248937778,75.47572491998528,5.352385336921495,133.33471649029363,0.0799658256781494,6.643123919142987,2.7393475582980105,72.5575900176427,8.568274671708735,148.5436301292693,0.22776801635701205,5.283476082412537,1.5959652871846852,76.17144915061304,6.895267332645085,131.5513809679002,0.11710379870545772,12.331335421992984,8.947087257547203,96.04849928079159,20.683259635618004,175.9879888877893,0.5996209594048676,354.0,11.0,780.0,-0.17404,0.23094,166686.0,81600.0,5410,20820,0.303,87063.0,12.8,5.1,16.85,3412,62
2021-04-28,32,191439.0,2.7355559050482565,1.7856469360850409,71.36095780551763,4.411611058180734,136.91313909268496,0.06969009669162488,6.535858607334327,2.3892109338417242,71.78195678306332,8.378414467492044,148.1587217589594,0.20499034434666935,5.401045057998014,1.7384925155351234,75.15229127997507,6.822700524072233,132.48576291763257,0.1264678633640214,15.747325620462147,6.200467748022668,91.11182954817323,23.46259926669849,174.72523012963538,0.4124872924499801,33.0,1.0,22.0,-0.17404,0.23094,34553.0,13092.0,890,3640,0.303,9456.0,15.0,4.1,16.04,224,6
2021-04-28,33,1654372.0,4.081754636833285,3.0168690701905208,69.70458737046924,5.946172453631423,147.49781036673562,0.21927208055560649,6.591286083496875,2.1880716242909135,74.95008720232185,8.038679054945087,152.03613936663876,0.2334270891127832,5.682529019468092,1.9644374564932372,74.26774041943142,6.6555372301472335,136.45641828229736,0.13527427055136804,14.488311864744954,4.050198119111037,98.99746003787055,16.341173828657777,179.7065613113191,0.6516259210202207,444.0,27.0,805.0,-0.1162,0.2,199870.0,101084.0,8710,30100,0.281,84469.0,12.7,5.0,16.75,3794,88
2021-04-28,34,1196536.0,5.336086261642652,2.6606073206557808,61.20470008716982,6.065849837833158,152.21535455507419,0.12007273209950935,6.405342687252689,2.1675991180194005,75.78754904339856,8.114011292596489,151.88440913091983,0.2768528971621071,6.69331406834292,2.120996495536951,75.40297542969546,8.274922226670535,139.19135282986093,0.20988598291270216,14.182586142620805,4.023383358683281,93.63263208799658,15.548878789653996,185.27358354878,0.6206877539522702,407.0,28.0,966.0,-0.17404,0.23094,163633.0,89931.0,6490,20800,0.303,76127.0,19.2,6.8,15.61,4079,84
2021-04-28,35,1094677.0,11.139469552340953,7.876650425959476,65.89418674840691,15.810631734241884,179.74615562621844,0.9634202714805188,11.43794788347812,6.95010703936232,60.3137558006446,14.533639265582119,173.20031750315047,0.7239221843265362,8.791089470204117,5.765266801264805,64.89386810151076,11.086573627734783,156.23524617296007,0.6615505352544644,36.58307761412632,19.49840708317674,73.96029932457594,51.53130018272476,249.57901991743645,2.3690009791118034,404.0,21.0,568.0,-0.11617,0.19843,133852.0,66768.0,4710,14610,0.265,34417.0,10.6,3.1,16.79,3102,100
2021-04-28,36,216867.0,7.066550596678541,3.2897668751459963,78.26138793029484,8.010857933175608,163.6530776045826,0.2393495993348909,7.41655007263309,2.9519698010690467,68.38308896476332,9.1657296153964,158.54977852842464,0.3153834469458333,5.2542719822933215,2.164853478843989,72.46317545653957,6.552787049578917,139.15655270258142,0.31918981241309535,16.880749670009113,5.523190788152443,86.16249308504938,16.768411168058126,192.56615111590241,0.7117501619952333,70.0,1.0,132.0,-0.09544,0.21683,38611.0,21098.0,1220,5190,0.28,6545.0,14.8,5.1,16.94,346,8
2021-04-28,37,609628.0,6.6977546131135615,3.3185815051997727,80.3696235380452,8.942771296106214,157.02855975653543,0.2980150879872556,8.214199991342108,4.132432062254101,66.68417581460272,10.124437639813143,162.16657165390592,0.4389792030217595,5.487858193485185,2.5554579403239215,73.67715017190478,7.161855956189685,141.25925990251574,0.37953683238864855,17.888976319177686,8.680861378577474,83.20887671809304,18.37950160425614,193.41101941803126,1.120531571719897,217.0,18.0,436.0,-0.09544,0.21683,81377.0,36584.0,3060,11680,0.28,25630.0,12.8,4.5,17.3,1674,66
2021-04-28,38,1271577.0,10.370642029629847,14.670054065037409,47.19046503693786,10.706119951494623,201.4231306556257,0.6057757937322058,10.004995575189383,7.20671393636229,67.73729480985548,11.643062712122124,173.28325495573714,0.5511448077383344,9.398402849772397,5.811750461172813,70.4340482036236,10.800012703079041,157.53899369067935,0.3813093401643609,18.450265560984327,14.944140756587435,94.53298075421257,20.120352625019407,242.12707530628865,1.2251890360767608,557.0,25.0,782.0,-0.12324,0.21357,159583.0,78014.0,6180,24470,0.262,76305.0,11.5,3.8,17.62,4310,50
2021-04-28,39,258023.0,5.697922567714159,4.0191442628638,61.12014742945455,6.930207461462692,156.12599807325694,0.13064827407728016,7.725034274731207,3.0373288742739257,73.76617260422387,9.01044495992779,158.68221775663488,0.3681780982745098,7.01543929607499,2.3064494992327904,70.64507816331492,8.52276519374667,141.7008162852439,0.1825037434229264,17.422201944032626,6.319822741372075,96.29185417104664,18.23176211702166,199.62586100143932,1.2207249565035898,96.0,2.0,184.0,-0.08567000000000001,0.21497,34489.0,26763.0,1100,5320,0.28600000000000003,10428.0,11.7,2.8,17.68,1100,4
2021-04-28,40,416832.0,3.8527459474779047,2.322329214978185,74.39842374573306,6.642861023234893,140.96735764858374,0.14890759372872225,6.66762886590914,2.608192382912694,74.35211027320508,8.273418690362108,149.85080669452955,0.24408376416982636,5.696739952374725,1.9536837120851756,75.67325536797102,6.762787072400777,134.29685442984788,0.15765178483155565,16.09090659051392,6.890673788053216,96.36997381993164,19.781108181512607,178.05213178690727,0.5543271617610861,38.0,2.0,80.0,-0.1162,0.2,62186.0,33793.0,2420,9530,0.281,13314.0,11.9,3.8,16.61,552,4
2021-04-28,41,326489.0,7.703816766094742,4.971458529419502,75.77085917857816,11.964161840726582,165.42037723155482,0.8323429620018501,9.055500399792525,4.453324104971488,66.89301551869848,11.199293011804487,164.46627730115716,0.5159823119697609,6.141545584335251,3.1738092204792263,71.58056993543201,8.328393049036606,145.22883939352127,0.4984600762533956,26.803877398257388,10.751501647704453,82.75798937587986,26.83344076762191,210.9501456137994,1.319331420747239,149.0,7.0,300.0,-0.09544,0.21683,53432.0,26620.0,1910,6750,0.28,15717.0,12.8,4.6,17.47,692,38
2021-04-28,42,765297.0,10.007645406360457,7.877304121501603,57.03593102831218,10.6237218526484,165.2032003930884,0.4074961043250943,8.41447961854605,4.391993804734239,68.93491175633186,9.923876910971098,161.9020353986051,0.37020772482441994,7.785550516981482,4.2444795665485335,65.52509394057361,9.16281790472929,145.4311383649357,0.28027831523254043,18.03587567193805,10.080330208326973,94.16731043141628,18.987022087568587,213.5173936785042,0.8725084411013307,559.0,39.0,717.0,-0.12324,0.21357,139468.0,75861.0,2580,17810,0.262,46932.0,14.9,4.8,17.42,4182,44
2021-04-28,43,227650.0,7.811908086776126,3.7383515979094732,58.07223845293426,8.248503782310319,149.79921438593098,0.17961010597478036,7.197055502767013,2.314886879151649,74.11182511880509,8.659667141272703,147.32436703681176,0.2242707479016743,6.744591133779937,2.2538307296649664,71.30377095099954,8.508692374137972,133.71119165599205,0.14552501483717417,17.622246023802226,5.2457106278188785,95.80754457436994,18.61171304271564,182.8825285831012,0.5183236520222134,83.0,4.0,213.0,-0.12324,0.21357,35133.0,26872.0,1260,5920,0.262,5345.0,12.3,2.7,17.05,968,40
2021-04-28,44,1459116.0,7.747748084460193,4.467091155685719,79.24917667936133,11.597179960306725,166.43420150548974,0.3870282720168111,8.318197177930154,3.3118672427821303,70.22309462419427,10.408474601542611,161.0590777728367,0.3792890830683524,5.549666062888456,2.2944025022933445,75.25109634242683,7.25560266805125,140.3023435593797,0.3497152035692531,19.558962266124784,7.183863638040311,86.01501144475374,21.30503843776695,194.36572741886303,0.9557795423152908,294.0,21.0,778.0,-0.11993,0.18805,167242.0,72136.0,6810,23520,0.23,44748.0,10.2,4.0,17.44,4188,244
2021-04-28,45,684195.0,9.37393220226574,4.4825711817682405,76.15891781011597,13.489788170846975,189.99724834874195,0.9359107527495718,10.395800441299459,4.939518595728376,64.35871433014584,12.851567561084394,170.79738410760103,0.6272525302418976,6.941587044298848,2.933967957483918,69.00139643157853,8.907387855422048,148.7563175676458,0.4690114667937398,26.928778290879606,12.725704397186313,81.97781278480572,34.696149177765925,215.83270060140063,1.536917899532246,321.0,18.0,474.0,-0.09544,0.21683,86486.0,44835.0,3290,12570,0.28,46706.0,13.2,4.9,17.42,2304,56
2021-04-28,46,174232.0,3.3017448202442017,2.3313779557364174,75.16122547708704,5.200515515720593,140.8489605927281,0.08599435299228661,6.320531190564504,1.8814982804003964,78.12596463350607,7.683181126048056,148.55998313289408,0.16383518521876148,5.450656592223657,1.693511811579203,76.72453880928015,6.75451633802297,131.96500433075948,0.10221803070715191,15.857174299757064,3.3478794683788857,103.0804989792354,20.88720408877422,178.22114863580703,0.35528789370008085,33.0,2.0,52.0,-0.17404,0.23094,35762.0,19154.0,1010,3840,0.303,8245.0,14.7,4.1,16.37,388,4
2021-04-28,47,329960.0,3.20220223478432,2.2661252833180936,73.22479543793439,5.604655761465063,148.59380652546145,0.1777284961471624,6.62584625480313,2.4039966850696954,72.84915030493991,8.39045853789722,152.4679206943954,0.23620579346256843,4.913797312627643,1.834843332447021,73.30061916322451,6.172234756545898,136.5869093115507,0.1304439508788183,13.317318975797868,5.189678369958222,97.47001554706571,18.9218175358568,185.311178166574,0.4894931040294567,57.0,3.0,131.0,-0.1162,0.2,51245.0,27585.0,1850,6630,0.281,21649.0,17.2,6.0,15.91,494,4
2021-04-28,48,76557.0,3.8992080706852965,1.749095012720248,63.235192453148976,4.793085968029646,135.98913824972834,0.038191693103702413,6.4225659240325035,1.3238131056663769,79.96109724358014,7.8048161164333845,139.03909471388675,0.15692918738794806,5.307663485249157,1.2777235229282977,75.19079959146349,6.830767179031013,125.06167693806415,0.07442620148699695,15.680372155128634,3.2446757665597765,102.43542449926693,19.373589777491354,177.10859928388484,0.4439018431338208,22.0,1.0,30.0,-0.17404,0.23094,7685.0,5665.0,340,1640,0.303,2921.0,14.3,2.7,15.87,232,8
2021-04-28,49,819824.0,6.445535376287397,3.1107924377593656,82.92154609157764,8.893456286264168,153.7410403706654,0.28769874144826524,8.347919606098248,4.227080933779673,68.19487661882098,10.405006911450878,162.279539092929,0.5026089788789319,5.9168401762812834,2.71269249445672,73.9602453247669,7.736102591498205,142.54876189004992,0.42653063037158706,22.74541467600295,7.981969382016874,83.38807204465799,23.211139863368697,201.40213627266726,1.3304800522415905,205.0,8.0,548.0,-0.11993,0.18805,117021.0,54903.0,2620,13120,0.23,23385.0,11.7,4.0,16.76,2394,104
2021-04-28,50,491532.0,7.963026705942362,3.6894061456219625,74.5361990947477,12.882136217193649,152.7776151405065,0.6437003335201498,10.235114478795339,6.928116173230362,60.503127079385024,12.723616490145757,169.16630476050275,0.7828117396166937,8.401597559118802,4.43203565408436,67.16174034670321,10.234280334320312,146.96977474256073,0.711968153688124,23.1035875927212,12.822182239199655,78.33706392861242,25.80598434810484,197.034980746341,2.4010539258877097,150.0,6.0,256.0,-0.11281,0.20202,83861.0,48837.0,2660,10100,0.256,8554.0,12.5,3.0,17.7,458,52
2021-04-28,51,561972.0,11.49281768520524,5.5514419547947025,65.89698157589376,14.549584684727526,167.25822885139644,0.5541357838539259,10.92200277721363,6.0844305033512285,58.97416623146261,13.339587036874192,167.90249121602207,0.62527847211576,7.669479462644131,3.9509717791493832,65.27285452757664,9.52997197521051,145.98900539031564,0.611540491561251,25.87727503508297,12.274221748251096,74.06047929407133,35.081178652512705,213.8147532602036,2.4685324633300856,284.0,4.0,430.0,-0.09473,0.20656,55518.0,31625.0,2060,8830,0.301,24859.0,14.4,5.2,17.96,1789,96
2021-04-28,52,168316.0,9.132516329205039,3.592766282323618,76.05443760264288,11.311838379248087,170.3189010693515,0.33620391400010285,9.956916538070464,3.744343271079403,69.4584482858312,12.260442353185532,164.72614079087262,0.631359109045037,7.365413166986833,2.6611784521132122,72.43489562546401,9.250744592849895,142.9453632664076,0.5522469245589431,27.917728162216765,6.684054536956401,87.72583518856486,29.860536604331546,228.43577686512,1.7812356919064467,132.0,6.0,180.0,-0.09473,0.20656,22795.0,11926.0,970,4080,0.301,4451.0,15.6,5.1,17.8,788,130
2021-04-28,53,305521.0,6.456742671197711,2.237205651754792,84.1539786139205,11.598041294621474,148.59873767936944,0.2253246772126075,9.877795188060501,4.404626642826656,66.96689042699784,12.467894863898845,163.3791525312083,0.5393355336826962,7.290033330772033,3.110331322576895,72.178136300908,9.880280343311963,144.39158100879374,0.4879984394668118,40.54200586250743,12.466154444929533,84.1539786139205,43.5495690684307,234.67809114501202,1.8189047450451792,54.0,5.0,172.0,-0.11993,0.18805,41541.0,28633.0,1070,4670,0.23,7766.0,11.7,2.5,17.07,762,12
2021-04-28,54,730036.0,11.901893316698475,5.681708467189988,66.12999949384876,15.531863413112399,179.69476649627455,0.7442925437926704,11.175846760529607,7.567747622657421,60.12148293445541,13.521063142663888,189.5364546009956,1.0868919425209902,7.2348902612704125,4.141757772729662,67.78516837782907,9.380201875071116,147.14998590645297,0.6451169683562265,34.80895585804069,16.967393290033762,84.62535878801691,43.64826873734375,352.1017366986982,4.166124136857748,371.0,12.0,426.0,-0.09473,0.20656,104665.0,66804.0,2750,13020,0.301,42969.0,14.5,6.0,17.4,2542,238
2021-04-28,55,179154.0,10.872467772237467,4.563674635312954,69.16721230572311,15.573701762988934,165.10066897459689,0.6073314265137558,10.750287956428348,5.564900754846074,63.24152696723311,13.287211477966023,170.8454827255015,0.8872113780823399,7.256697603494439,3.889634848147462,68.23865332967465,9.45072154934225,148.40268356329733,0.8644061796632543,31.00348804946557,12.705733298432795,80.94880968406473,42.742811581678474,240.4124832249006,3.2108947410002493,80.0,3.0,88.0,-0.09473,0.20656,25913.0,12495.0,1020,4010,0.301,6114.0,15.5,5.4,17.9,856,42
2021-04-28,56,763095.0,7.071508912770115,3.5582342325731293,74.36605721400709,12.129863614574115,170.38339606910029,0.32157559191023866,9.508227156074485,3.8416256570417326,64.91971703010336,11.730370058069205,164.81946068437412,0.4949226832209968,5.978316269343666,2.401078923892215,70.28541854105453,7.9577763526608285,142.4346380803811,0.38018093496859084,24.72056168404284,8.320779735279208,77.98353178461001,26.93357800318328,200.65147070784732,1.2710490781799408,214.0,14.0,342.0,-0.11617,0.19843,121804.0,54935.0,4820,16580,0.265,17235.0,11.3,3.4,16.71,2096,82
2021-04-28,57,1038901.0,13.176602290000085,7.354999861608842,58.969569819356664,17.246492250504186,186.7027606831112,0.8901796925282094,11.249620229991068,8.785681524641516,60.215420241721354,14.213008468920407,198.13645286497524,1.3924610314329529,7.007877437006359,4.717842591726966,67.89449793514757,9.159146386377707,147.02054306030456,0.6637243084236814,29.58454248466176,22.307993296656836,83.89533404122011,42.13873409310784,369.668101007497,5.314985665125344,509.0,19.0,506.0,-0.09473,0.20656,152190.0,102235.0,6010,20680,0.301,74447.0,14.6,5.2,17.44,2926,598
2021-04-28,58,199659.0,7.903665407429463,2.077107560580452,75.91484291202286,10.54409422391809,161.93908265291262,0.18418839635226714,7.8129446611259885,2.3551132501498944,70.55259058172,9.68311226114226,155.9953699919139,0.32756404720047133,5.608721860594838,1.6138118158210712,73.38560925196985,7.373940760492152,136.2627183416156,0.23945489517368662,15.79827843124124,4.3690830509089915,84.13821004947043,16.980195339160794,181.3005548102756,0.665181931951266,179.0,5.0,172.0,-0.08567000000000001,0.21497,35719.0,24500.0,1210,5120,0.28600000000000003,7447.0,15.8,5.7,17.2,718,6
2021-04-28,59,2598803.0,10.817613714487702,14.590538537149158,52.18182489051895,15.810466734238302,172.43976639357447,1.1298032786012682,12.575391957192895,15.729471673546731,51.82976234912778,16.098944111145816,191.28422872414822,1.7580228113546268,8.943589152580648,9.947461865011963,60.46366302230927,11.378525208596974,154.55994496224776,1.3403550689211468,46.80771707683103,50.0043029664297,77.02317490292424,51.38978434214523,378.70886104997487,4.779367726656114,1433.0,85.0,2418.0,-0.10124,0.20584,333160.0,217931.0,13200,50040,0.305,129791.0,19.2,9.2,16.8,11806,112
2021-04-28,60,830002.0,9.138513494650498,4.926361369985176,62.96447540167959,11.316915046203524,183.98054997705344,0.6950511496681551,10.628643615207302,7.485610554369706,58.881461785196045,13.289328995290976,173.80594382497804,0.7957134596168016,8.074306073683415,4.579596111799843,65.9724137782183,10.045016479640966,149.7694507004208,0.6346361736056179,27.331696494627714,19.793579792834326,78.58536787153685,27.95170600918915,246.28374850348138,2.246108669188028,568.0,27.0,870.0,-0.10124,0.20584,106302.0,73198.0,5330,14300,0.305,46574.0,13.1,5.1,18.5,2662,234
2021-04-28,61,275186.0,9.234818742532898,2.849377841908656,82.55568027771237,11.623963708325913,147.93803350417903,0.3668511826983432,9.897144355165988,4.524744635460186,67.96641917199297,12.654238797606794,162.95397182594712,0.6344758314788024,9.065920400068066,3.2717219443886796,70.94433725372359,11.081218412351761,145.1001849286411,0.6169993363831924,27.600365416685023,10.337504886221305,82.5793192950286,41.05224583742918,198.7207023987401,2.04051827202683,127.0,3.0,146.0,-0.11281,0.20202,45893.0,28506.0,1360,5920,0.256,8266.0,16.0,5.1,16.99,624,20
2021-04-28,62,1455508.0,11.783040028242093,8.593979175717658,61.7280362189499,13.786891027572624,372.7202968963324,4.440456141429879,11.85217772624412,9.908454390910007,59.37949611354726,14.99182431318618,190.27488827381845,1.3772578685047998,10.316048781998083,8.996562761671516,60.70596688761848,12.613856859099863,179.84742661409243,1.4828477398966784,41.116480584543964,24.387317657093412,82.48433109477382,43.388638045250644,381.86792901781286,4.440456141429879,761.0,39.0,1332.0,-0.10124,0.20584,220561.0,141331.0,9720,29090,0.305,26060.0,19.8,8.4,17.48,6557,168
2021-04-28,63,669648.0,7.411184842864008,8.516902345866784,60.71639681115069,9.118587345950699,163.49724123261262,0.672167919006582,8.594062870350026,5.788558612720631,67.8420069777769,10.417966977745317,166.178888103147,0.5750584324586252,7.616968652763878,5.8767473673358275,64.32126922507335,10.00162205004338,148.81796204726734,0.44531670395808065,18.78978546775713,14.08375911383516,86.82792424381095,19.49355416596145,232.5096739054768,1.0713716546903749,280.0,21.0,568.0,-0.12324,0.21357,82616.0,52198.0,4190,14710,0.262,30575.0,12.9,4.8,18.47,2452,96
2021-04-28,64,688627.0,2.6509579207534086,1.273918213601059,77.81824799585742,4.467440899989842,129.96228548317393,0.0804092412131053,6.685253511696804,2.8594571536913818,67.69437707287771,8.785917704801527,149.2318524742448,0.2914111775522293,5.138372656445825,2.0417160613199545,68.67842754454824,6.317810648984599,131.91824437902582,0.14770234184884146,18.44102300488429,5.110574536619561,86.89900024521154,31.99955162599762,171.49583069460684,0.5883850458629732,96.0,3.0,246.0,-0.1162,0.2,131777.0,70425.0,4050,13870,0.281,34669.0,12.1,4.0,17.46,1016,14
2021-04-28,65,229315.0,3.7222453404278095,3.2011233611276646,64.46002302852139,4.14426153154189,136.18341907230132,0.07471846085423653,6.137109064498635,1.3202115749886552,74.18045381192323,8.037398448490766,134.6654304499165,0.14557612194421168,4.726054983185603,1.652712414808784,69.19737404400199,6.111413428512325,122.76671852428746,0.0827620842938753,16.206699424216033,3.2011233611276646,97.23062404861324,26.521591122966967,156.07623971940322,0.3497282786328351,41.0,2.0,92.0,-0.17404,0.23094,50873.0,26584.0,1210,5340,0.303,9002.0,15.0,4.8,16.78,328,4
2021-04-28,66,480318.0,3.559007318512653,1.1373868940824758,66.80632357516814,4.235674238630298,131.72905615445222,0.03385103750682592,6.223559744037529,1.1760961826676752,77.3910476547716,8.016702248116317,134.4254892492642,0.13868046020151956,4.942677613269322,1.241919179923276,73.39463472487374,6.362047246789052,124.84500140576769,0.08243364709233231,11.364040100107205,1.9022973889330657,91.63004420109526,20.541484484685352,149.1339281495739,0.5316323006836673,165.0,8.0,216.0,-0.17404,0.23094,83102.0,40940.0,4000,10070,0.303,29615.0,20.7,9.2,15.21,1472,18
2021-04-28,67,1147820.0,11.079802082728722,8.156428162954517,61.86272907423143,12.247164138150511,209.55925446421844,0.7366129667386236,11.046607515370036,8.189551429662588,58.790013943417726,13.126994540209605,187.54664064725716,0.9747584153961276,7.380228912165709,5.672881149029317,64.92841510064447,9.488120455959477,152.66443610430898,0.7163910840237752,33.133938601365536,17.35712566886259,88.75737992146334,40.56096382380547,275.5654158868948,2.559190148439268,468.0,14.0,774.0,-0.09473,0.20656,140299.0,72740.0,11350,25670,0.301,86957.0,13.1,4.8,17.92,3162,354
2021-04-28,68,764044.0,9.173570555336847,6.133765331262834,62.380270022567615,9.74759593528797,171.21707298854025,0.4229053028060836,11.200831967865382,7.963659994968244,63.029535035423365,13.435631535845028,182.50530387767319,1.0279649823569257,8.770387495464023,4.551705286641388,66.41935480176699,10.62896934598856,149.08779144925475,0.845158882923788,24.817142401263236,18.93222166829168,95.60393634699484,30.346284905869346,268.15543302802683,2.5079822132859384,248.0,14.0,354.0,-0.09473,0.20656,104947.0,61409.0,3450,15380,0.301,66360.0,13.1,4.2,17.99,2122,184
2021-04-28,69,1893147.0,9.589073088568146,10.330210868608914,62.32470410370268,11.072700678431561,180.8414568473586,0.6284010005040223,8.532868673215981,5.067421540327941,71.06641963760767,10.242711288452183,163.15080496322156,0.5349906177902464,8.057329564743208,5.178503212524294,67.59699719650936,9.252032896293102,149.14198542479662,0.39021386569154587,17.09386889649803,15.523932568370881,94.43493839760431,20.1554534884557,226.35620372035748,1.629071016386733,1006.0,32.0,1758.0,-0.12324,0.21357,224926.0,136987.0,7680,28800,0.262,154865.0,13.9,5.2,16.82,8182,146
2021-04-28,70,233508.0,7.4304376931943965,4.2728989255475645,74.7001638482718,7.941535159709726,167.42869034334797,0.48981758526121294,9.331344544695009,5.544665133321068,66.25209033343658,11.152178016482026,170.2656635417002,0.4484238404319358,7.520196046041407,4.078853581506397,69.42885158658947,9.423932077773403,146.71979294638248,0.3809987166110466,21.76354833447376,10.682355478697161,101.37457818281477,22.07214580619201,227.74649414680405,0.9044174800060224,100.0,5.0,118.0,-0.08567000000000001,0.21497,33529.0,21347.0,1370,5120,0.28600000000000003,6817.0,14.0,3.8,17.51,354,134
2021-04-28,71,547409.0,4.957332551271728,3.297376459162141,75.92716838943292,7.125802587866112,151.24018927345855,0.14272265094861664,7.817490359962542,3.519361219171407,72.34419495660258,9.946223821007408,159.76924593515773,0.4113472896884418,5.746812198257685,2.9247985370995377,72.947610316886,7.790203261402076,139.53275496631207,0.3438992179246574,18.003398748625198,7.409293942427339,93.05289675303072,20.22039309380888,191.54887366870616,0.9385992850526156,263.0,23.0,313.0,-0.08567000000000001,0.21497,81997.0,55379.0,2640,11590,0.28600000000000003,25697.0,13.0,3.8,17.67,1568,30
2021-04-28,72,562301.0,6.94641364938645,3.0050384601519395,82.38574152414444,11.607307927359063,152.58677007836832,0.3302049021626594,9.840992698104708,4.703489395611342,65.98550040464929,12.045503119931936,165.61003258580322,0.5417408120071595,7.694779281440972,3.174374533737073,70.56336373740734,9.860359936164611,144.50734589830319,0.47687477952760204,39.921467328090884,9.309224164823624,82.38574152414444,41.09558906221303,234.48180088200428,1.5485203005187569,246.0,15.0,552.0,-0.11993,0.18805,70344.0,32519.0,2240,9910,0.23,15794.0,13.4,4.2,17.65,3196,48
2021-04-28,73,437711.0,3.606858273280949,2.9359982175726382,67.41627010464346,3.890987525823971,131.30351012308364,0.5947164430352623,7.42853766087121,2.3214203705743213,76.7313025458751,8.547054992361637,140.51564707972935,0.5286768186543376,6.641946633390749,1.9162485786029222,71.44303942676416,7.605316844531612,133.77159307983086,0.29600779517995385,18.134328826174922,3.721649281750232,95.04578079343707,28.609872075637078,159.7110234509604,1.9459541230189608,144.0,8.0,276.0,-0.12324,0.21357,57603.0,34282.0,2290,8420,0.262,24380.0,10.1,2.4,18.51,1430,30
2021-04-28,74,838774.0,3.5279203100378966,3.917559829964512,68.51328592906569,3.9764465900454646,148.65861700997334,0.3279167477123225,8.74807063622881,4.071998549438829,70.994220866204,10.317619366824836,159.53254558819356,0.38824756714967984,8.430216146281209,3.162371106272146,71.35030171943616,9.888636062731056,146.38301648188772,0.24822549611946615,18.265895804672066,6.276540069229156,91.16297805441135,24.083858663390018,195.84663214202385,0.8554739469110877,226.0,11.0,418.0,-0.12324,0.21357,107453.0,58877.0,3210,12600,0.262,75424.0,9.2,1.8,18.64,2384,80
2021-04-28,75,2142903.0,13.578935807111213,25.007291824219212,58.857473145305605,15.674453475718556,223.73554183366198,3.007020037103834,13.399242694841144,22.81465504028884,49.39704433566072,16.397581397978964,219.60857323148804,2.704122361255147,9.25151736898617,13.8464258654096,61.590747770394024,11.518839884132474,175.55999790726645,1.7747518140489678,27.67274585806447,58.39722516644078,71.07657507910983,37.61553221873722,389.2674774715546,7.302302429557884,1784.0,105.0,2465.0,-0.14064000000000002,0.20613,286934.0,174072.0,13870,28950,0.213,316120.0,15.8,4.5,16.0,5009,834
2021-04-28,76,1251224.0,9.654425312613704,3.764505023070542,75.0901087678958,11.81377122670707,149.72712643180108,0.3874294175167641,9.783183375788761,5.774894368402766,63.51740467817648,12.859236136274056,171.56416603460218,0.7259651929859192,10.368930704448136,5.54327982542275,64.07158266736045,13.094631735070553,161.5305912200614,0.8641002929395626,25.669905502621695,14.25366263705828,81.96395870601901,30.682226014522072,289.7837008711652,2.9610250533474574,685.0,33.0,1070.0,-0.11281,0.20202,177172.0,104296.0,8980,26060,0.256,43700.0,14.7,6.8,18.8,3962,70
2021-04-28,77,1432577.0,9.261763980746306,3.790912162623989,68.46673562581216,12.604697510109803,157.58630633717837,0.3950086217175861,11.447363741286287,6.589537822443466,59.52632165036517,14.462560619853603,174.8146161490675,0.7934530920963025,7.369983168635759,3.574859010486022,65.76884341033448,9.852246290112223,147.47877418431727,0.7090656396293067,37.333427525236004,23.119315231813733,74.43029386788803,48.200719114381215,226.0767257541676,2.0183569420690035,621.0,38.0,1530.0,-0.14064000000000002,0.20613,122606.0,78726.0,10370,20280,0.213,131505.0,11.6,4.3,18.7,4369,450
2021-04-28,78,1453311.0,12.091370087358165,8.751449523766121,71.10120717626376,15.266160547519267,200.49624352731306,1.0429174095160778,11.235466259382404,9.286471190592117,59.87165379624389,14.660689289771346,183.1443707852218,0.9398129992593376,8.67291206522154,6.303017362973396,66.99353090374329,11.109077689458013,157.38827424284725,0.736118301565443,26.118880914643412,23.88161485183322,77.1536516782425,36.646785506032415,259.0032718353581,2.1397830599375327,593.0,21.0,1070.0,-0.14064000000000002,0.20613,172386.0,94630.0,8180,20860,0.213,143292.0,9.7,3.1,18.4,3666,284
2021-04-28,79,374461.0,7.535504837682657,2.7758139478419066,81.73117093344034,8.031873759204476,158.34426630734683,0.3073477512728178,7.884612344292969,3.7086662024735553,69.01504207615659,9.53451386311749,160.49762965122753,0.3897968606818855,5.273964738447873,2.5573735427887745,73.85671303722566,6.72047200569887,140.4242659036517,0.3570110166395189,15.03394370028789,9.066131413774183,88.47057744202894,18.671002882796184,192.56517617252982,0.8533721676168077,89.0,8.0,336.0,-0.1162,0.2,55754.0,33382.0,1620,6820,0.281,12091.0,12.4,3.9,16.6,1152,112
2021-04-28,80,567410.0,9.440045992392617,7.9343314118901525,55.04544742851578,11.432336804141958,201.45182324694028,1.3304409579674428,11.906904490414128,9.51468838001709,56.38426629652747,14.785392153118899,178.1924496795179,0.978780088910532,10.310232223442615,7.821660541931534,60.66463503743506,12.475615811061218,160.8264426437172,1.004467425380597,39.011513019490145,19.1365042522458,80.9707257112908,41.30216062041571,243.07783256287087,2.741303229039649,367.0,14.0,422.0,-0.10124,0.20584,73035.0,46896.0,2460,11940,0.305,13901.0,17.1,6.8,17.8,1828,48
2021-04-28,81,389443.0,4.030665490629937,3.8135311382904686,66.69066072217878,6.077729759684888,148.0058287383225,0.17823139273992405,6.092163513003321,1.8971547324223057,77.89894375864948,7.9591151410007335,145.79636499568292,0.2145979758314835,5.120627389916979,1.4380902467241627,80.23943772974894,6.808117401260055,131.16544084142367,0.12905744608207692,12.184836603569002,5.92056236311564,116.6371804143649,16.46804712371948,177.99385866175243,0.4629674396897695,134.0,12.0,260.0,-0.17404,0.23094,69535.0,36747.0,2510,9650,0.303,14466.0,15.5,5.6,16.53,1227,22
2021-04-28,82,262265.0,4.632350819730808,2.134220498073712,73.26803764870597,6.4117088738636685,146.89158576805676,0.1489527650307885,6.510124646045637,3.0198237628233273,72.07849999808852,8.25101152470486,150.86921334265497,0.23429238997380497,5.970238070946399,2.1618979198720982,76.61693523435937,7.063038687181458,134.15401683717457,0.14192645665600867,12.380183945728948,7.539214444887332,101.74710928198186,17.815747236522746,186.5842022726556,0.4497664570660852,82.0,16.0,208.0,-0.17404,0.23094,40797.0,20732.0,1260,4840,0.303,15644.0,17.2,5.4,16.42,821,4
2021-04-28,83,1084899.0,8.92801324048283,4.388625989805569,59.33814144459094,10.627201323716925,129.21388608227602,0.1914002022050916,7.3266996907569775,3.2713180083202573,73.43716179368765,8.748873309991708,159.54182628946563,0.6130315108529156,6.324649551696739,2.603073087086055,72.0332491780006,7.989876552860617,138.24142016820093,0.21089056682459043,17.196884864380756,7.145115143552481,97.28216893779431,18.603327997318853,249.60481674766362,7.004827658395118,485.0,34.0,690.0,-0.16988,0.22466,181267.0,101754.0,8820,25930,0.321,53554.0,15.5,5.6,16.34,3676,50
2021-04-28,84,560814.0,9.620277211187801,2.8476170834737005,72.40022143295957,10.523652065031568,149.05934229834844,1.0749883152487674,7.300877896358411,2.04028665643789,77.18183256329166,8.66459794434727,155.82969054716236,0.4781601471995697,7.981276598631711,1.8955852742462713,76.03339318741402,9.332919394885716,143.41424196441164,0.46924507478707983,17.512066982092676,5.293579366481479,100.48083952030407,18.10515669655782,207.7962670721145,2.378677007413528,292.0,40.0,497.0,-0.16988,0.22466,81127.0,41939.0,4420,10690,0.321,41344.0,19.7,6.4,16.19,2788,74
2021-04-28,85,691298.0,7.165945926546793,2.6489119370545504,78.85314009351991,7.726489296256549,157.47156991265413,0.16652134743929484,7.317314181364226,2.473163474294821,69.7728873780146,9.066912080420513,156.04656283560246,0.27151068041755577,5.068658381704131,1.8101766195179394,73.93074363707993,6.199759767941751,137.33521738669435,0.28123966468536005,16.97196386813885,4.265911340800814,87.08437719697432,18.329458306051734,186.16878580137924,0.6300403987035778,152.0,10.0,324.0,-0.11993,0.18805,100531.0,44586.0,3020,13880,0.23,10226.0,9.6,2.1,17.14,1859,258
2021-04-28,86,439004.0,7.305194014609888,2.2370738143724003,81.33381277389255,7.808646445173834,156.0304441011288,0.1606159600804477,7.618476460432185,2.8773549335984026,69.64740662216103,9.292588744320872,157.67114567881336,0.2974867054184369,5.037378014215536,1.9980777274333952,73.92814158242932,6.535121596919646,138.43762254638585,0.28684893481641427,14.364746971311991,6.043996261360856,88.67979521350388,17.438334606715806,186.63833645187503,0.6942964337053724,98.0,2.0,148.0,-0.1162,0.2,56556.0,33946.0,1750,7580,0.281,16438.0,14.1,5.7,17.13,1110,64
2021-04-28,87,370517.0,6.526749137372311,4.5441792448260285,66.92451366583909,7.250820331439723,151.10125449415818,0.3548301806329096,7.9606836377713615,3.0752863088435034,72.88163851888248,9.366847967687871,157.89166217389652,0.3237632358948058,7.106927060980648,2.831326898233967,69.94586247284192,8.568925105679735,141.74294272022155,0.2384224186849187,16.77968812077128,6.144266952249763,93.47258416667157,19.37046787800421,189.04821274153983,0.6405063435929428,124.0,6.0,322.0,-0.1162,0.2,50298.0,28778.0,1440,7740,0.281,22659.0,15.3,5.7,16.85,1779,10
2021-04-28,88,359139.0,10.442979109726526,5.8229684743244485,70.15412752813668,10.996885985269893,197.07705826676568,0.6887470007992094,10.017029622403431,5.831068388092698,65.91129994851215,12.030198966039375,174.29773750743473,0.6550142018582069,7.746124423602394,4.111480005274939,68.56532497127492,9.624867311445758,147.96459257579102,0.5745054167088315,22.65845941358823,11.470851289958706,97.57412868048029,28.307805900040744,247.36303599244374,1.4162239757260418,194.0,8.0,208.0,-0.09473,0.20656,60049.0,35447.0,1800,7670,0.301,10464.0,15.7,5.9,17.77,844,178
2021-04-28,89,333182.0,8.386330638799599,4.787589399010741,72.3876785656284,9.966848269207807,172.68002469143642,0.4335099339193379,8.908582081061928,4.248936943752437,64.5600599743471,11.14245830418518,162.9231223960537,0.44378447438340934,6.274910236929043,3.1249061153255444,68.61648115426212,7.838416640957331,145.2129542083474,0.4052170266691634,24.12677419381287,7.49040529087978,78.33806290628159,26.239293425475307,202.77966274181802,1.0152589545151467,238.0,9.0,186.0,-0.08567000000000001,0.21497,48036.0,32117.0,2580,7050,0.28600000000000003,15525.0,14.7,5.6,17.19,1116,54
2021-04-28,90,138620.0,7.886508223230634,6.823091681695702,59.36599539812264,9.032961623260713,166.92512643179037,0.3984733825055845,10.794748127615867,7.57109604669902,65.17827685468752,12.767839633468283,178.76924335967314,0.8016532862532656,8.446574250698994,4.688888904278623,68.24024345618844,10.312546934827681,148.83056412103204,0.7410213441965355,24.68728986656993,16.477576012119137,94.71054455058191,26.6564904984453,248.48714537059845,1.89219116091256,117.0,0.0,132.0,-0.08567000000000001,0.21497,18544.0,12282.0,810,2600,0.28600000000000003,8828.0,14.6,5.7,17.43,580,2
2021-04-28,91,1315683.0,13.76557831931314,13.317887172290096,62.12824074399662,17.42360253945106,215.0850014199961,1.6928988761745185,12.579539498828295,13.736147516929593,55.69228058239002,15.990013339250915,194.36931284469853,1.3745858026010893,8.651166239232806,10.249433596373942,62.518181162853836,11.43692876689716,168.1612929020284,1.0737015804791805,39.481815019180324,51.61533125551846,70.8010535065208,53.44092088544305,297.7348888145246,4.286174975949146,857.0,57.0,1548.0,-0.14064000000000002,0.20613,149966.0,84889.0,7940,18550,0.213,150822.0,12.9,4.4,18.19,3286,376
2021-04-28,92,1633217.0,13.349301917207475,22.725758748524857,66.22023219265938,15.28854215310132,230.0906491500906,2.8927287222976297,13.029681388654156,20.691212142202144,51.105470680312976,16.434584530886823,213.23691908536085,2.4078439409009484,9.369025173361772,12.871789565281993,63.263619990814846,11.70350799472475,175.64389665944782,1.7311847462701202,26.58557902209307,57.67359555126949,71.80115087471398,36.95247818395824,331.5383725933725,6.528010234305284,1207.0,49.0,1440.0,-0.14064000000000002,0.20613,159965.0,94414.0,10570,20790,0.213,196702.0,12.2,3.4,17.37,5157,741
2021-04-28,93,1669509.0,11.023542663579994,19.517716538623517,66.12030526210819,14.387321557025285,190.19538526906587,1.8349958727540503,12.283044932526407,18.436876394624726,52.621124569255485,15.237677897634157,200.693418485347,1.8203470286802255,8.274358767197041,10.289938417221368,63.33924444796719,10.545089814850312,162.46193297990706,1.1905117869322925,26.6395905745362,39.66396890066919,72.42115450576199,35.962503661267775,285.1353234879117,2.9916567193225623,1106.0,47.0,2203.0,-0.14064000000000002,0.20613,203923.0,103492.0,14360,20110,0.213,378400.0,28.6,10.6,16.05,5514,849
2021-04-28,94,1418960.0,11.772233738126447,15.503341997975745,65.70379811856014,14.776719110642828,194.4750701888493,1.5965020760828204,12.907845935974052,18.542974482504803,52.29524020922026,15.884514783729582,203.75817019890854,1.8684787610108613,8.453305426100453,8.163180772630199,64.81325612951164,10.532742361977107,163.86702824198463,1.0224760103288595,29.63043087290856,51.18156949087386,71.85187773021944,38.53442598130869,299.834571665846,4.607020889992628,907.0,67.0,1795.0,-0.14064000000000002,0.20613,155141.0,90624.0,8640,20490,0.213,208756.0,16.7,6.0,17.49,5498,1052
2021-04-28,95,1260269.0,9.555775997768082,6.823363691014571,72.27063025482803,12.517529006792376,202.63671753499813,1.1232795765132622,10.761197096627718,10.97982044329889,58.80408447823722,13.72392244803357,183.44979904430517,1.0689576196812984,7.830980658547294,4.830184425034438,67.98471794989739,9.885280124398385,153.31209427393992,0.6584388819408373,27.62282303244407,78.56904550192345,78.72054617010556,32.01397635234549,391.7644211519612,5.315448808625359,714.0,57.0,1578.0,-0.14064000000000002,0.20613,149057.0,85995.0,9270,16410,0.213,161947.0,16.8,5.8,17.63,4968,438
2021-04-28,201,162747.0,3.3040373089299417,0.5526849419651776,79.34725996065622,5.270621655397708,108.46766473644962,0.07860575170403641,4.8117021521915095,1.004275407926694,80.65427555936246,7.002447702459003,133.17109611523964,0.1444009190422775,4.858621053784369,0.9314255304722645,77.24438360826255,7.6409122986749995,119.14272488103522,0.09813236980900406,10.814468975024926,1.9022973889330657,96.98608527227785,19.12421950583676,162.24245609121334,0.3232037016137022,64.0,3.0,30.0,-0.1504,0.21319,21669.0,17286.0,980,3290,0.32,13655.0,17.2,2.6,16.51,320,14
2021-04-28,202,186526.0,3.916444013123306,1.0180346729817775,65.3260754840262,5.385159228249135,102.96853890600784,0.04507459411301129,5.347682073420178,1.557004520854318,78.86000659061516,7.022867357444446,134.6985724089345,0.23547502144434684,4.531047507941302,1.4423255055395943,73.29836531311125,6.184046066103761,119.84715010252168,0.12534486677480364,11.551050910987414,2.1934933721300243,94.51285852280792,12.488631582392829,157.83816547675727,0.7885954314900494,18.0,0.0,76.0,-0.1504,0.21319,50973.0,34493.0,1310,3700,0.32,16440.0,21.7,3.9,16.18,391,10
