Département,Numéro,Date of pollution peak,1MMaxo3,totalcovidcasescumulated,Population Index
Val-d'Oise,95.0,2020-08-09,122.88976934955927,237793,1215390.0
Alpes-de-Haute-Provence,4.0,2020-08-08,119.83332655873924,20858,161799.0
Haut-Rhin,68.0,2020-07-31,116.97956333120872,79025,762607.0
Moselle,57.0,2020-08-10,115.87342286009452,141705,1044486.0
Ain,1.0,2020-09-18,114.506434421205,109223,631877.0
Yvelines,78.0,2020-08-09,114.22681159164122,212766,1427291.0
Côte-d'Or,21.0,2020-07-31,113.95643074058596,66868,533147.0
Ardennes,8.0,2020-08-10,113.76424582081629,36355,277752.0
Manche,50.0,2020-08-09,113.20960116282092,34849,499287.0
Saône-et-Loire,71.0,2020-09-17,113.16024262004008,78557,555408.0
Vaucluse,84.0,2020-08-07,113.1358567489902,88553,557548.0
Alpes-Maritimes,6.0,2020-09-18,112.82460559079394,219293,1082440.0
Vosges,88.0,2020-07-31,112.51423323093442,41055,372016.0
Oise,60.0,2020-08-09,112.06987797283448,118730,821552.0
Pas-de-Calais,62.0,2020-08-09,111.89426297301706,233971,1472648.0
Eure,27.0,2020-08-09,111.79130497172493,65397,601948.0
Bas-Rhin,67.0,2020-07-31,111.27950737075516,138675,1116658.0
Territoire de Belfort,90.0,2020-07-31,110.76335900524924,17008,144483.0
Bouches-du-Rhône,13.0,2020-09-19,110.74710284652912,404460,2016622.0
Hauts-de-Seine,92.0,2020-08-09,110.6158980314463,266670,1601569.0
Essonne,91.0,2020-06-24,109.82955878008356,205203,1276233.0
Jura,39.0,2020-09-17,109.48371026386434,41718,260587.0
Val-de-Marne,94.0,2020-06-25,109.16832000917655,265897,1372389.0
Paris,75.0,2020-08-09,108.5889594988724,404122,2206488.0
Isère,38.0,2020-08-08,108.4580776843814,225026,1251060.0
Meuse,55.0,2020-08-10,108.31164529009216,21823,190626.0
Haute-Marne,52.0,2020-08-09,108.27435551376944,22212,179154.0
Nord,59.0,2020-08-12,108.23080989576955,477936,2605238.0
Somme,80.0,2020-08-09,107.95254692068232,73796,571879.0
Hérault,34.0,2020-09-14,107.84365325901037,138368,1120190.0
Sarthe,72.0,2020-06-03,107.81937474326875,57288,568445.0
Meurthe-et-Moselle,54.0,2020-08-10,107.5212172687068,96796,734403.0
Calvados,14.0,2020-08-10,107.39756768710453,61873,693579.0
Var,83.0,2020-09-19,107.19676252278126,167350,1048652.0
Orne,61.0,2020-08-10,107.04590196082611,29094,286618.0
Drôme,26.0,2020-08-07,106.377424652223,77752,504637.0
Seine-Maritime,76.0,2020-08-09,106.05023928489244,158004,1257699.0
Rhône,69.0,2020-09-17,105.75812720144522,375920,1821995.0
Eure-et-Loir,28.0,2020-06-24,104.99190251882769,45111,434035.0
Tarn,81.0,2020-09-14,104.9900327690456,48640,386543.0
Haute-Saône,70.0,2020-08-09,104.7804836472344,28170,237706.0
Loiret,45.0,2020-06-24,104.77172079819464,82841,673349.0
Marne,51.0,2020-06-25,104.59439227051308,64222,572293.0
Aube,10.0,2020-06-24,104.29619713548746,42277,309056.0
Deux-Sèvres,79.0,2020-07-23,104.23919955871672,35767,374435.0
Ille-et-Vilaine,35.0,2020-06-24,104.13601842626906,100698,1042884.0
Loir-et-Cher,41.0,2020-08-09,104.03472186090887,30551,333050.0
Seine-et-Marne,77.0,2020-06-25,103.85319806548206,231896,1390121.0
Ardèche,7.0,2020-09-18,103.22523832989852,45658,324209.0
Côtes-d'Armor,22.0,2020-06-24,102.87910584034356,32869,598357.0
Loire-Atlantique,44.0,2020-08-09,102.70871971920666,124297,1365227.0
Finistère,29.0,2020-06-24,102.65603905469084,36028,907796.0
Haute-Corse,202.0,2020-08-08,102.57255333572954,13884,174553.0
Savoie,73.0,2020-08-01,102.41045832992182,71743,428204.0
Vienne,86.0,2020-07-23,102.34484829682236,38030,434887.0
Doubs,25.0,2020-08-09,102.25170372957764,87494,536959.0
Mayenne,53.0,2020-06-24,102.005401279161,29192,307940.0
Aude,11.0,2020-08-06,101.69941030454592,32553,366957.0
Morbihan,56.0,2020-06-24,101.66646753488467,44707,744813.0
Corrèze,19.0,2020-09-17,101.41366556951436,20720,241871.0
Nièvre,58.0,2020-09-18,101.03410054730207,23353,211747.0
Aisne,2.0,2020-06-25,100.88203421865582,69515,538659.0
Aveyron,12.0,2020-08-07,100.75676582294764,27342,279169.0
Haute-Savoie,74.0,2020-08-01,99.98753125672984,146361,793938.0
Yonne,89.0,2020-06-25,99.68799745857044,43667,340903.0
Cantal,15.0,2020-09-17,99.2618961049686,11762,146219.0
Indre,36.0,2020-08-09,98.15347289489952,19264,224200.0
Hautes-Alpes,5.0,2020-08-09,98.059391280223,23519,140916.0
Gironde,33.0,2020-05-29,97.9647220418625,147404,1548478.0
Landes,40.0,2020-08-07,97.80390835123008,35083,403234.0
Haute-Loire,43.0,2020-09-18,97.6806773675778,37501,227034.0
Charente,16.0,2020-07-23,97.51461160117088,24235,353613.0
Lozère,48.0,2020-09-18,97.3918027238078,10367,76309.0
Haute-Vienne,87.0,2020-07-23,97.30280793272809,32224,375795.0
Lot,46.0,2020-09-15,97.12403211724504,10460,173400.0
Dordogne,24.0,2020-05-29,97.0857993801117,33954,415417.0
Puy-de-Dôme,63.0,2020-08-08,96.96119505569736,81707,647501.0
Gers,32.0,2020-08-06,96.91996940084408,15451,190932.0
Vendée,85.0,2020-07-23,96.64718124300526,53077,666714.0
Haute-Garonne,31.0,2020-08-07,96.61743389786892,171839,1335103.0
Loire,42.0,2020-08-08,96.2716983439748,156314,759411.0
Corse-du-Sud,201.0,2020-08-08,96.13212990030917,11183,152730.0
Lot-et-Garonne,47.0,2020-08-07,96.0192205609981,28598,333417.0
Indre-et-Loire,37.0,2020-09-17,95.97262823730726,64250,604966.0
Maine-et-Loire,49.0,2020-08-09,95.86687430710884,85909,810186.0
Charente-Maritime,17.0,2020-07-23,95.75847368493976,31959,639938.0
Pyrénées-Orientales,66.0,2020-08-06,94.85307973763751,45028,471038.0
Creuse,23.0,2020-09-15,94.63234868544755,8768,120365.0
Allier,3.0,2020-08-08,94.61557614362196,40163,341613.0
Tarn-et-Garonne,82.0,2020-08-07,94.13599164869272,26805,255274.0
Pyrénées-Atlantiques,64.0,2020-08-06,94.09354855994556,62382,670032.0
Gard,30.0,2020-05-20,93.97420196842766,107351,738189.0
Cher,18.0,2020-07-13,93.92176754634012,32904,308992.0
Hautes-Pyrénées,65.0,2020-05-30,93.0861944491174,25307,228582.0
Ariège,9.0,2020-05-29,90.29743221574832,14118,152499.0
