Département,Numéro,Date of pollution peak,Max o37davg,Max Total Hospitalisations,Population Index
Alpes-de-Haute-Provence,4.0,2020-08-19,91.37533862060208,192.0,161799.0
Côte-d'Or,21.0,2020-05-21,89.93360263288434,392.0,533147.0
Vaucluse,84.0,2020-08-17,87.3610901690338,520.0,557548.0
Alpes-Maritimes,6.0,2020-08-23,86.29875742031116,762.0,1082440.0
Var,83.0,2020-08-19,86.09359438679606,583.0,1048652.0
Ain,1.0,2020-08-12,84.63286721971956,453.0,631877.0
Hautes-Alpes,5.0,2020-08-18,84.10061946228892,191.0,140916.0
Loiret,45.0,2020-05-17,84.04652578486578,346.0,673349.0
Ardèche,7.0,2020-05-30,83.88403097967988,258.0,324209.0
Isère,38.0,2020-08-12,83.5725384254992,1095.0,1251060.0
Loire-Atlantique,44.0,2020-05-17,83.23369518370248,373.0,1365227.0
Drôme,26.0,2020-08-12,82.98618638284564,426.0,504637.0
Yvelines,78.0,2020-05-17,82.95536811353978,796.0,1427291.0
Haute-Corse,202.0,2021-03-31,82.73780055823282,90.0,174553.0
Sarthe,72.0,2020-06-03,82.4303007925299,299.0,568445.0
Saône-et-Loire,71.0,2020-05-21,82.36436031593054,545.0,555408.0
Savoie,73.0,2020-08-12,82.35278499611226,450.0,428204.0
Orne,61.0,2020-06-03,82.32261515713597,198.0,286618.0
Cantal,15.0,2020-05-31,82.26093499225357,83.0,146219.0
Val-d'Oise,95.0,2020-05-17,82.20872581876438,751.0,1215390.0
Corrèze,19.0,2020-05-31,81.95417904982344,86.0,241871.0
Bouches-du-Rhône,13.0,2020-06-03,81.89579476804577,1649.0,2016622.0
Ille-et-Vilaine,35.0,2020-05-17,81.85181721739215,428.0,1042884.0
Jura,39.0,2020-08-17,81.75534865014252,284.0,260587.0
Mayenne,53.0,2020-06-03,81.53480962792564,136.0,307940.0
Essonne,91.0,2020-05-17,81.51816718309938,947.0,1276233.0
Haut-Rhin,68.0,2020-05-21,81.34286152895977,731.0,762607.0
Rhône,69.0,2020-08-11,81.14876495657278,1913.0,1821995.0
Côtes-d'Armor,22.0,2020-05-17,81.11916100179744,116.0,598357.0
Ardennes,8.0,2020-05-21,80.9002909341131,200.0,277752.0
Moselle,57.0,2020-05-21,80.86371223558245,635.0,1044486.0
Haute-Marne,52.0,2020-08-17,80.84619550034675,159.0,179154.0
Morbihan,56.0,2020-05-16,80.64072269458701,222.0,744813.0
Eure-et-Loir,28.0,2020-05-17,80.45381950743521,272.0,434035.0
Maine-et-Loire,49.0,2020-05-16,80.42796947654573,292.0,810186.0
Vosges,88.0,2020-08-17,80.40701492897924,339.0,372016.0
Bas-Rhin,67.0,2020-05-22,80.33985440433274,747.0,1116658.0
Corse-du-Sud,201.0,2020-08-19,80.26133514328555,59.0,152730.0
Vendée,85.0,2020-05-17,79.98561692459862,144.0,666714.0
Hauts-de-Seine,92.0,2020-05-17,79.83980103181872,1474.0,1601569.0
Vienne,86.0,2020-05-17,79.82529843248616,173.0,434887.0
Loir-et-Cher,41.0,2020-05-17,79.81627953878665,187.0,333050.0
Aube,10.0,2020-05-17,79.77251262033482,160.0,309056.0
Val-de-Marne,94.0,2020-05-16,79.72642745966539,1449.0,1372389.0
Indre-et-Loire,37.0,2020-05-17,79.70262621384332,204.0,604966.0
Lozère,48.0,2020-05-30,79.65998658470482,58.0,76309.0
Haute-Saône,70.0,2020-08-17,79.53899531437953,125.0,237706.0
Calvados,14.0,2020-05-16,79.46863622912315,285.0,693579.0
Deux-Sèvres,79.0,2020-05-17,79.44756765539812,142.0,374435.0
Aude,11.0,2020-06-02,79.43317049731793,194.0,366957.0
Haute-Savoie,74.0,2020-08-11,79.29966200653446,680.0,793938.0
Marne,51.0,2020-05-17,79.07544234055857,388.0,572293.0
Finistère,29.0,2020-05-17,79.06351183966898,141.0,907796.0
Indre,36.0,2020-05-17,78.90628610353247,108.0,224200.0
Paris,75.0,2020-05-17,78.7756650509076,1701.0,2206488.0
Nièvre,58.0,2020-05-20,78.75015581806194,192.0,211747.0
Yonne,89.0,2020-05-17,78.72642556593888,247.0,340903.0
Hérault,34.0,2020-06-02,78.71560572507755,467.0,1120190.0
Doubs,25.0,2020-08-17,78.58221081017032,230.0,536959.0
Cher,18.0,2020-05-20,78.56872992606992,219.0,308992.0
Gard,30.0,2020-06-02,78.4303291229663,370.0,738189.0
Seine-et-Marne,77.0,2020-05-16,78.42597514782491,687.0,1390121.0
Dordogne,24.0,2020-06-04,78.38833782336489,163.0,415417.0
Aveyron,12.0,2020-06-01,78.24598263316875,151.0,279169.0
Manche,50.0,2020-05-17,78.15222885458473,227.0,499287.0
Gironde,33.0,2020-06-04,78.1114899604156,459.0,1548478.0
Territoire de Belfort,90.0,2020-08-17,77.51304155383986,220.0,144483.0
Lot,46.0,2020-06-04,77.42261894829285,57.0,173400.0
Meurthe-et-Moselle,54.0,2020-08-17,77.29599211803513,488.0,734403.0
Eure,27.0,2020-05-17,77.09244986340715,229.0,601948.0
Oise,60.0,2020-06-03,76.98883367027587,546.0,821552.0
Charente,16.0,2020-06-04,76.90563414132501,71.0,353613.0
Loire,42.0,2020-06-04,76.67779954344215,969.0,759411.0
Lot-et-Garonne,47.0,2020-06-04,76.62645770138185,93.0,333417.0
Haute-Loire,43.0,2020-06-02,76.40050542709457,243.0,227034.0
Aisne,2.0,2020-05-17,76.37090675440689,346.0,538659.0
Meuse,55.0,2020-08-17,76.22056785778578,162.0,190626.0
Seine-Maritime,76.0,2020-06-04,75.97976694193017,713.0,1257699.0
Puy-de-Dôme,63.0,2020-08-11,75.8896106810754,379.0,647501.0
Landes,40.0,2020-06-04,75.71325275021698,140.0,403234.0
Creuse,23.0,2020-06-04,75.6525201637104,101.0,120365.0
Pyrénées-Orientales,66.0,2020-05-30,75.57960000565441,177.0,471038.0
Charente-Maritime,17.0,2020-06-04,75.43807113428119,198.0,639938.0
Tarn-et-Garonne,82.0,2020-06-04,75.16416641911947,115.0,255274.0
Haute-Vienne,87.0,2020-06-04,74.90307177846664,243.0,375795.0
Allier,3.0,2020-08-17,74.64087462085872,282.0,341613.0
Haute-Garonne,31.0,2020-08-12,74.34352566201723,454.0,1335103.0
Gers,32.0,2020-06-04,74.30272640498211,107.0,190932.0
Tarn,81.0,2020-08-11,74.28675694707589,183.0,386543.0
Hautes-Pyrénées,65.0,2020-06-04,73.29402398279238,195.0,228582.0
Somme,80.0,2020-06-03,73.11037299653073,379.0,571879.0
Ariège,9.0,2020-05-31,73.0910747475204,75.0,152499.0
Pyrénées-Atlantiques,64.0,2020-06-04,73.02647609649772,418.0,670032.0
Pas-de-Calais,62.0,2020-06-04,70.89374980418329,874.0,1472648.0
Nord,59.0,2020-06-04,68.82867396053783,1692.0,2605238.0
